😀	grinning face	cheerful cheery grin happy laugh nice smile smiling teeth	Smileys & Emotion
😃	grinning face with big eyes	awesome grin happy mouth open smile smiling teeth yay	Smileys & Emotion
😄	grinning face with smiling eyes	eye grin happy laugh lol mouth open smile	Smileys & Emotion
😁	beaming face with smiling eyes	eye grin grinning happy nice smile teeth	Smileys & Emotion
😆	grinning squinting face	closed eyes haha hahaha happy laugh lol mouth open rofl smile smiling	Smileys & Emotion
😅	grinning face with sweat	cold dejected excited mouth nervous open smile smiling stress stressed	Smileys & Emotion
🤣	rolling on the floor laughing	crying face funny haha happy hehe hilarious joy laugh lmao lol rofl roflmao tear	Smileys & Emotion
😂	face with tears of joy	crying feels funny haha happy hehe hilarious laugh lmao lol rofl roflmao tear	Smileys & Emotion
🙂	slightly smiling face	happy smile	Smileys & Emotion
🙃	upside-down face	hehe smile	Smileys & Emotion
🫠	melting face	disappear dissolve embarrassed haha heat hot liquid lol melt sarcasm sarcastic	Smileys & Emotion
😉	winking face	flirt heartbreaker sexy slide tease wink winks	Smileys & Emotion
😊	smiling face with smiling eyes	blush eye glad satisfied smile	Smileys & Emotion
😇	smiling face with halo	angel angelic angels blessed fairy fairytale fantasy happy innocent peaceful smile spirit tale	Smileys & Emotion
🥰	smiling face with hearts	3 adore crush heart ily love romance smile you	Smileys & Emotion
😍	smiling face with heart-eyes	143 bae eye feels hearts ily kisses love romance romantic smile xoxo	Smileys & Emotion
🤩	star-struck	excited eyes face grinning smile star starry-eyed wow	Smileys & Emotion
😘	face blowing a kiss	adorbs bae flirt heart ily love lover miss muah romantic smooch xoxo you	Smileys & Emotion
😗	kissing face	143 date dating flirt ily kiss love smooch smooches xoxo you	Smileys & Emotion
☺️	smiling face	happy outlined relaxed smile	Smileys & Emotion
😚	kissing face with closed eyes	143 bae blush date dating eye flirt ily kisses smooches xoxo	Smileys & Emotion
😙	kissing face with smiling eyes	143 closed date dating eye flirt ily kiss kisses love night smile	Smileys & Emotion
🥲	smiling face with tear	glad grateful happy joy pain proud relieved smile smiley touched	Smileys & Emotion
😋	face savoring food	delicious eat full hungry savor smile smiling tasty um yum yummy	Smileys & Emotion
😛	face with tongue	awesome cool nice party stuck-out sweet	Smileys & Emotion
😜	winking face with tongue	crazy epic eye funny joke loopy nutty party stuck-out wacky weirdo wink yolo	Smileys & Emotion
🤪	zany face	crazy eye eyes goofy large small	Smileys & Emotion
😝	squinting face with tongue	closed eye eyes gross horrible omg stuck-out taste whatever yolo	Smileys & Emotion
🤑	money-mouth face	money mouth paid	Smileys & Emotion
🤗	smiling face with open hands	hug hugging	Smileys & Emotion
🤭	face with hand over mouth	giggle giggling oops realization secret shock sudden surprise whoops	Smileys & Emotion
🫢	face with open eyes and hand over mouth	amazement awe disbelief embarrass gasp omg quiet scared shock surprise	Smileys & Emotion
🫣	face with peeking eye	captivated embarrass hide hiding peek peep scared shy stare	Smileys & Emotion
🤫	shushing face	quiet shh shush	Smileys & Emotion
🤔	thinking face	chin consider hmm ponder pondering wondering	Smileys & Emotion
🫡	saluting face	good luck ma’am OK respect salute sir troops yes	Smileys & Emotion
🤐	zipper-mouth face	keep mouth quiet secret shut zip zipper	Smileys & Emotion
🤨	face with raised eyebrow	disapproval disbelief distrust emoji hmm mild skeptic skeptical skepticism surprise what	Smileys & Emotion
😐	neutral face	awkward blank deadpan expressionless fine jealous meh oh shade straight unamused unhappy unimpressed whatever	Smileys & Emotion
😑	expressionless face	awkward dead fine inexpressive jealous meh not oh omg straight uh unhappy unimpressed whatever	Smileys & Emotion
😶	face without mouth	awkward blank expressionless mouthless mute quiet secret silence silent speechless	Smileys & Emotion
🫥	dotted line face	depressed disappear hidden hide introvert invisible meh whatever wtv	Smileys & Emotion
😶‍🌫️	face in clouds	absentminded fog head	Smileys & Emotion
😏	smirking face	boss dapper flirt homie kidding leer shade slick sly smirk smug snicker suave suspicious swag	Smileys & Emotion
😒	unamused face	... bored fine jealous jel jelly pissed smh ugh uhh unhappy weird whatever	Smileys & Emotion
🙄	face with rolling eyes	eyeroll shade ugh whatever	Smileys & Emotion
😬	grimacing face	awk awkward dentist grimace grinning smile smiling	Smileys & Emotion
😮‍💨	face exhaling	blow blowing exhale exhausted gasp groan relief sigh smiley smoke whisper whistle	Smileys & Emotion
🤥	lying face	liar lie pinocchio	Smileys & Emotion
🫨	shaking face	crazy daze earthquake omg panic shock surprise vibrate whoa wow	Smileys & Emotion
🙂‍↔️	head shaking horizontally	no shake	Smileys & Emotion
🙂‍↕️	head shaking vertically	nod yes	Smileys & Emotion
😌	relieved face	calm peace relief zen	Smileys & Emotion
😔	pensive face	awful bored dejected died disappointed losing lost sad sucks	Smileys & Emotion
😪	sleepy face	crying good night sad sleep sleeping tired	Smileys & Emotion
🤤	drooling face		Smileys & Emotion
😴	sleeping face	bed bedtime good goodnight nap night sleep tired whatever yawn zzz	Smileys & Emotion
🫩	face with bags under eyes	bored exhausted fatigued late sleepy tired weary	Smileys & Emotion
😷	face with medical mask	cold dentist dermatologist doctor dr germs medicine sick	Smileys & Emotion
🤒	face with thermometer	ill sick	Smileys & Emotion
🤕	face with head-bandage	bandage hurt injury ouch	Smileys & Emotion
🤢	nauseated face	gross nasty sick vomit	Smileys & Emotion
🤮	face vomiting	barf ew gross puke sick spew throw up vomit	Smileys & Emotion
🤧	sneezing face	fever flu gesundheit sick sneeze	Smileys & Emotion
🥵	hot face	dying feverish heat panting red-faced stroke sweating tongue	Smileys & Emotion
🥶	cold face	blue blue-faced freezing frostbite icicles subzero teeth	Smileys & Emotion
🥴	woozy face	dizzy drunk eyes intoxicated mouth tipsy uneven wavy	Smileys & Emotion
😵	face with crossed-out eyes	dead dizzy feels knocked out sick tired	Smileys & Emotion
😵‍💫	face with spiral eyes	confused dizzy hypnotized omg smiley trouble whoa woah woozy	Smileys & Emotion
🤯	exploding head	blown explode mind mindblown no shocked way	Smileys & Emotion
🤠	cowboy hat face	cowgirl	Smileys & Emotion
🥳	partying face	bday birthday celebrate celebration excited happy hat hooray horn party	Smileys & Emotion
🥸	disguised face	disguise eyebrow glasses incognito moustache mustache nose person spy tache tash	Smileys & Emotion
😎	smiling face with sunglasses	awesome beach bright bro chilling cool rad relaxed shades slay smile style swag win	Smileys & Emotion
🤓	nerd face	brainy clever expert geek gifted glasses intelligent smart	Smileys & Emotion
🧐	face with monocle	classy fancy rich stuffy wealthy	Smileys & Emotion
😕	confused face	befuddled confusing dunno frown hm meh not sad sorry sure	Smileys & Emotion
🫤	face with diagonal mouth	confused confusion disappointed doubt doubtful frustrated frustration meh skeptical unsure whatever wtv	Smileys & Emotion
😟	worried face	anxious butterflies nerves nervous sad stress stressed surprised worry	Smileys & Emotion
🙁	slightly frowning face	frown sad	Smileys & Emotion
☹️	frowning face	frown sad	Smileys & Emotion
😮	face with open mouth	believe forgot omg shocked surprised sympathy unbelievable unreal whoa wow you	Smileys & Emotion
😯	hushed face	epic omg stunned surprised whoa woah	Smileys & Emotion
😲	astonished face	cost no omg shocked totally way	Smileys & Emotion
😳	flushed face	amazed awkward crazy dazed dead disbelief embarrassed geez heat hot impressed jeez what wow	Smileys & Emotion
🥺	pleading face	begging big eyes mercy not please pretty puppy sad why	Smileys & Emotion
🥹	face holding back tears	admiration aww cry embarrassed feelings grateful gratitude joy please proud resist sad	Smileys & Emotion
😦	frowning face with open mouth	caught frown guard scared scary surprise what wow	Smileys & Emotion
😧	anguished face	forgot scared scary stressed surprise unhappy what wow	Smileys & Emotion
😨	fearful face	afraid anxious blame fear scared worried	Smileys & Emotion
😰	anxious face with sweat	blue cold eek mouth nervous open rushed scared yikes	Smileys & Emotion
😥	sad but relieved face	anxious call close complicated disappointed not sweat time whew	Smileys & Emotion
😢	crying face	awful cry feels miss sad tear triste unhappy	Smileys & Emotion
😭	loudly crying face	bawling cry sad sob tear tears unhappy	Smileys & Emotion
😱	face screaming in fear	epic fearful munch scared scream screamer shocked surprised woah	Smileys & Emotion
😖	confounded face	annoyed confused cringe distraught feels frustrated mad sad	Smileys & Emotion
😣	persevering face	concentrate concentration focus headache persevere	Smileys & Emotion
😞	disappointed face	awful blame dejected fail losing sad unhappy	Smileys & Emotion
😓	downcast face with sweat	close cold feels headache nervous sad scared yikes	Smileys & Emotion
😩	weary face	crying fail feels hungry mad nooo sad sleepy tired unhappy	Smileys & Emotion
😫	tired face	cost feels nap sad sneeze	Smileys & Emotion
🥱	yawning face	bedtime bored goodnight nap night sleep sleepy tired whatever yawn zzz	Smileys & Emotion
😤	face with steam from nose	anger angry feels fume fuming furious fury mad triumph unhappy won	Smileys & Emotion
😡	enraged face	anger angry feels mad maddening pouting rage red shade unhappy upset	Smileys & Emotion
😠	angry face	anger blame feels frustrated mad maddening rage shade unhappy upset	Smileys & Emotion
🤬	face with symbols on mouth	censor cursing cussing mad pissed swearing	Smileys & Emotion
😈	smiling face with horns	demon devil evil fairy fairytale fantasy purple shade smile tale	Smileys & Emotion
👿	angry face with horns	demon devil evil fairy fairytale fantasy imp mischievous purple shade tale	Smileys & Emotion
💀	skull	body dead death face fairy fairytale i’m lmao monster tale yolo	Smileys & Emotion
☠️	skull and crossbones	bone dead death face monster	Smileys & Emotion
💩	pile of poo	bs comic doo dung face fml monster poop smelly smh stink stinks stinky turd	Smileys & Emotion
🤡	clown face		Smileys & Emotion
👹	ogre	creature devil face fairy fairytale fantasy mask monster scary tale	Smileys & Emotion
👺	goblin	angry creature face fairy fairytale fantasy mask mean monster tale	Smileys & Emotion
👻	ghost	boo creature excited face fairy fairytale fantasy halloween haunting monster scary silly tale	Smileys & Emotion
👽	alien	creature extraterrestrial face fairy fairytale fantasy monster space tale ufo	Smileys & Emotion
👾	alien monster	creature extraterrestrial face fairy fairytale fantasy game gamer games pixelated space tale ufo	Smileys & Emotion
🤖	robot	face monster	Smileys & Emotion
😺	grinning cat	animal face mouth open smile smiling	Smileys & Emotion
😸	grinning cat with smiling eyes	animal eye face grin smile	Smileys & Emotion
😹	cat with tears of joy	animal face laugh laughing lol tear	Smileys & Emotion
😻	smiling cat with heart-eyes	animal eye face heart love smile	Smileys & Emotion
😼	cat with wry smile	animal face ironic	Smileys & Emotion
😽	kissing cat	animal closed eye eyes face kiss	Smileys & Emotion
🙀	weary cat	animal face oh surprised	Smileys & Emotion
😿	crying cat	animal cry face sad tear	Smileys & Emotion
😾	pouting cat	animal face	Smileys & Emotion
🙈	see-no-evil monkey	embarrassed evil face forbidden forgot gesture hide no omg prohibited scared secret smh watch	Smileys & Emotion
🙉	hear-no-evil monkey	animal ears evil face forbidden gesture hear listen no not prohibited secret shh tmi	Smileys & Emotion
🙊	speak-no-evil monkey	animal evil face forbidden gesture no not oops prohibited quiet secret speak stealth	Smileys & Emotion
💌	love letter	heart mail romance valentine	Smileys & Emotion
💘	heart with arrow	143 adorbs cupid date emotion ily love romance valentine	Smileys & Emotion
💝	heart with ribbon	143 anniversary emotion ily kisses valentine xoxo	Smileys & Emotion
💖	sparkling heart	143 emotion excited good ily kisses morning night sparkle xoxo	Smileys & Emotion
💗	growing heart	143 emotion excited heartpulse ily kisses muah nervous pulse xoxo	Smileys & Emotion
💓	beating heart	143 cardio emotion heartbeat ily love pulsating pulse	Smileys & Emotion
💞	revolving hearts	143 adorbs anniversary emotion heart	Smileys & Emotion
💕	two hearts	143 anniversary date dating emotion heart ily kisses love loving xoxo	Smileys & Emotion
💟	heart decoration	143 emotion hearth purple white	Smileys & Emotion
❣️	heart exclamation	heavy mark punctuation	Smileys & Emotion
💔	broken heart	break crushed emotion heartbroken lonely sad	Smileys & Emotion
❤️‍🔥	heart on fire	burn love lust sacred	Smileys & Emotion
❤️‍🩹	mending heart	healthier improving recovering recuperating well	Smileys & Emotion
❤️	red heart	emotion love	Smileys & Emotion
🩷	pink heart	143 adorable cute emotion ily like love special sweet	Smileys & Emotion
🧡	orange heart	143	Smileys & Emotion
💛	yellow heart	143 cardiac emotion ily love	Smileys & Emotion
💚	green heart	143 emotion ily love romantic	Smileys & Emotion
💙	blue heart	143 emotion ily love romance	Smileys & Emotion
🩵	light blue heart	143 cute cyan emotion ily like love sky special teal	Smileys & Emotion
💜	purple heart	143 bestest emotion ily love	Smileys & Emotion
🤎	brown heart	143	Smileys & Emotion
🖤	black heart	evil wicked	Smileys & Emotion
🩶	grey heart	143 emotion gray ily love silver slate special	Smileys & Emotion
🤍	white heart	143	Smileys & Emotion
💋	kiss mark	dating emotion heart kissing lips romance sexy	Smileys & Emotion
💯	hundred points	100 a+ agree clearly definitely faithful fleek full keep perfect point score TRUE truth yup	Smileys & Emotion
💢	anger symbol	angry comic mad upset	Smileys & Emotion
💥	collision	bomb boom collide comic explode	Smileys & Emotion
💫	dizzy	comic shining shooting star stars	Smileys & Emotion
💦	sweat droplets	comic drip droplet drops splashing squirt water wet work workout	Smileys & Emotion
💨	dashing away	cloud comic dash fart fast go gone gotta running smoke	Smileys & Emotion
🕳️	hole		Smileys & Emotion
💬	speech balloon	bubble comic dialog message sms talk text typing	Smileys & Emotion
👁️‍🗨️	eye in speech bubble	balloon witness	Smileys & Emotion
🗨️	left speech bubble	balloon dialog	Smileys & Emotion
🗯️	right anger bubble	angry balloon mad	Smileys & Emotion
💭	thought balloon	bubble cartoon cloud comic daydream decisions dream idea invent invention realize think thoughts wonder	Smileys & Emotion
💤	ZZZ	comic good goodnight night sleep sleeping sleepy tired	Smileys & Emotion
👋	waving hand	bye cya g2g greetings gtg hello hey hi later outtie ttfn ttyl wave yo you	People & Body
🤚	raised back of hand	backhand	People & Body
🖐️	hand with fingers splayed	finger raised stop	People & Body
✋	raised hand	5 five high stop	People & Body
🖖	vulcan salute	finger hand hands	People & Body
🫱	rightwards hand	handshake hold reach right rightward shake	People & Body
🫲	leftwards hand	handshake hold left leftward reach shake	People & Body
🫳	palm down hand	dismiss drop dropped pick shoo up	People & Body
🫴	palm up hand	beckon catch come hold know lift me offer tell	People & Body
🫷	leftwards pushing hand	block five halt high hold leftward pause push refuse slap stop wait	People & Body
🫸	rightwards pushing hand	block five halt high hold pause push refuse rightward slap stop wait	People & Body
👌	OK hand	awesome bet dope fleek fosho got gotcha legit okay pinch rad sure sweet three	People & Body
🤌	pinched fingers	gesture hand hold huh interrogation patience relax sarcastic ugh what zip	People & Body
🤏	pinching hand	amount bit fingers little small sort	People & Body
✌️	victory hand	peace v	People & Body
🤞	crossed fingers	cross finger hand luck	People & Body
🫰	hand with index finger and thumb crossed	<3 expensive heart love money snap	People & Body
🤟	love-you gesture	fingers hand ILY love three you	People & Body
🤘	sign of the horns	finger hand rock-on	People & Body
🤙	call me hand	hang loose Shaka	People & Body
👈	backhand index pointing left	finger hand point	People & Body
👉	backhand index pointing right	finger hand point	People & Body
👆	backhand index pointing up	finger hand point	People & Body
🖕	middle finger	hand	People & Body
👇	backhand index pointing down	finger hand point	People & Body
☝️	index pointing up	finger hand point this	People & Body
🫵	index pointing at the viewer	finger hand poke you	People & Body
👍	thumbs up	+1 good hand like thumb yes	People & Body
👎	thumbs down	-1 bad dislike good hand no nope thumb	People & Body
✊	raised fist	clenched hand punch solidarity	People & Body
👊	oncoming fist	absolutely agree boom bro bruh bump clenched correct hand knuckle pound punch rock ttyl	People & Body
🤛	left-facing fist	leftwards	People & Body
🤜	right-facing fist	rightwards	People & Body
👏	clapping hands	applause approval awesome clap congrats congratulations excited good great hand homie job nice prayed well yay	People & Body
🙌	raising hands	celebration gesture hand hooray praise raised	People & Body
🫶	heart hands	<3 love you	People & Body
👐	open hands	hand hug jazz swerve	People & Body
🤲	palms up together	cupped dua hands pray prayer wish	People & Body
🤝	handshake	agreement deal hand meeting shake	People & Body
🙏	folded hands	appreciate ask beg blessed bow cmon five gesture hand high please pray thanks thx	People & Body
✍️	writing hand	write	People & Body
💅	nail polish	bored care cosmetics done makeup manicure whatever	People & Body
🤳	selfie	camera phone	People & Body
💪	flexed biceps	arm beast bench bodybuilder bro curls flex gains gym jacked muscle press ripped strong weightlift	People & Body
🦾	mechanical arm	accessibility prosthetic	People & Body
🦿	mechanical leg	accessibility prosthetic	People & Body
🦵	leg	bent foot kick knee limb	People & Body
🦶	foot	ankle feet kick stomp	People & Body
👂	ear	body ears hear hearing listen listening sound	People & Body
🦻	ear with hearing aid	accessibility hard	People & Body
👃	nose	body noses nosey odor smell smells	People & Body
🧠	brain	intelligent smart	People & Body
🫀	anatomical heart	beat cardiology heartbeat organ pulse real red	People & Body
🫁	lungs	breath breathe exhalation inhalation lung organ respiration	People & Body
🦷	tooth	dentist pearly teeth white	People & Body
🦴	bone	bones dog skeleton wishbone	People & Body
👀	eyes	body eye face googly look looking omg peep see seeing	People & Body
👁️	eye	1 body one	People & Body
👅	tongue	body lick slurp	People & Body
👄	mouth	beauty body kiss kissing lips lipstick	People & Body
🫦	biting lip	anxious bite fear flirt flirting kiss lipstick nervous sexy uncomfortable worried worry	People & Body
👶	baby	babies children goo infant newborn pregnant young	People & Body
🧒	child	bright-eyed grandchild kid young younger	People & Body
👦	boy	bright-eyed child grandson kid son young younger	People & Body
👧	girl	bright-eyed child daughter granddaughter kid Virgo young younger zodiac	People & Body
🧑	person	adult	People & Body
👱	person: blond hair	blond-haired human	People & Body
👨	man	adult bro	People & Body
🧔	person: beard	bearded whiskers	People & Body
🧔‍♂️	man: beard	bearded whiskers	People & Body
🧔‍♀️	woman: beard	bearded whiskers	People & Body
👨‍🦰	man: red hair	adult bro red hair	People & Body
👨‍🦱	man: curly hair	adult bro curly hair	People & Body
👨‍🦳	man: white hair	adult bro white hair	People & Body
👨‍🦲	man: bald	adult bro	People & Body
👩	woman	adult lady	People & Body
👩‍🦰	woman: red hair	adult lady red hair	People & Body
🧑‍🦰	person: red hair	adult red hair	People & Body
👩‍🦱	woman: curly hair	adult curly hair lady	People & Body
🧑‍🦱	person: curly hair	adult curly hair	People & Body
👩‍🦳	woman: white hair	adult lady white hair	People & Body
🧑‍🦳	person: white hair	adult white hair	People & Body
👩‍🦲	woman: bald	adult lady	People & Body
🧑‍🦲	person: bald	adult	People & Body
👱‍♀️	woman: blond hair	blond-haired blonde	People & Body
👱‍♂️	man: blond hair	blond-haired	People & Body
🧓	older person	adult elderly grandparent old wise	People & Body
👴	old man	adult bald elderly gramps grandfather grandpa wise	People & Body
👵	old woman	adult elderly grandma grandmother granny lady wise	People & Body
🙍	person frowning	annoyed disappointed disgruntled disturbed frown frustrated gesture irritated upset	People & Body
🙍‍♂️	man frowning	annoyed disappointed disgruntled disturbed frown frustrated gesture irritated upset	People & Body
🙍‍♀️	woman frowning	annoyed disappointed disgruntled disturbed frown frustrated gesture irritated upset	People & Body
🙎	person pouting	disappointed downtrodden frown grimace scowl sulk upset whine	People & Body
🙎‍♂️	man pouting	disappointed downtrodden frown grimace scowl sulk upset whine	People & Body
🙎‍♀️	woman pouting	disappointed downtrodden frown grimace scowl sulk upset whine	People & Body
🙅	person gesturing NO	forbidden gesture hand not prohibit	People & Body
🙅‍♂️	man gesturing NO	forbidden gesture hand not prohibit	People & Body
🙅‍♀️	woman gesturing NO	forbidden gesture hand not prohibit	People & Body
🙆	person gesturing OK	exercise gesture hand omg	People & Body
🙆‍♂️	man gesturing OK	exercise gesture hand omg	People & Body
🙆‍♀️	woman gesturing OK	exercise gesture hand omg	People & Body
💁	person tipping hand	fetch flick flip gossip sarcasm sarcastic sassy seriously whatever	People & Body
💁‍♂️	man tipping hand	fetch flick flip gossip sarcasm sarcastic sassy seriously whatever	People & Body
💁‍♀️	woman tipping hand	fetch flick flip gossip sarcasm sarcastic sassy seriously whatever	People & Body
🙋	person raising hand	gesture here know me pick question raise	People & Body
🙋‍♂️	man raising hand	gesture here know me pick question raise	People & Body
🙋‍♀️	woman raising hand	gesture here know me pick question raise	People & Body
🧏	deaf person	accessibility ear gesture hear	People & Body
🧏‍♂️	deaf man	accessibility ear gesture hear	People & Body
🧏‍♀️	deaf woman	accessibility ear gesture hear	People & Body
🙇	person bowing	apology ask beg bow favor forgive gesture meditate meditation pity regret sorry	People & Body
🙇‍♂️	man bowing	apology ask beg bow favor forgive gesture meditate meditation pity regret sorry	People & Body
🙇‍♀️	woman bowing	apology ask beg bow favor forgive gesture meditate meditation pity regret sorry	People & Body
🤦	person facepalming	again bewilder disbelief exasperation facepalm no not oh omg shock smh	People & Body
🤦‍♂️	man facepalming	again bewilder disbelief exasperation facepalm no not oh omg shock smh	People & Body
🤦‍♀️	woman facepalming	again bewilder disbelief exasperation facepalm no not oh omg shock smh	People & Body
🤷	person shrugging	doubt dunno guess idk ignorance indifference knows maybe shrug whatever who	People & Body
🤷‍♂️	man shrugging	doubt dunno guess idk ignorance indifference knows maybe shrug whatever who	People & Body
🤷‍♀️	woman shrugging	doubt dunno guess idk ignorance indifference knows maybe shrug whatever who	People & Body
🧑‍⚕️	health worker	doctor healthcare nurse therapist	People & Body
👨‍⚕️	man health worker	doctor healthcare nurse therapist	People & Body
👩‍⚕️	woman health worker	doctor healthcare nurse therapist	People & Body
🧑‍🎓	student	graduate	People & Body
👨‍🎓	man student	graduate	People & Body
👩‍🎓	woman student	graduate	People & Body
🧑‍🏫	teacher	instructor lecturer professor	People & Body
👨‍🏫	man teacher	instructor lecturer professor	People & Body
👩‍🏫	woman teacher	instructor lecturer professor	People & Body
🧑‍⚖️	judge	justice law scales	People & Body
👨‍⚖️	man judge	justice law scales	People & Body
👩‍⚖️	woman judge	justice law scales	People & Body
🧑‍🌾	farmer	gardener rancher	People & Body
👨‍🌾	man farmer	gardener rancher	People & Body
👩‍🌾	woman farmer	gardener rancher	People & Body
🧑‍🍳	cook	chef	People & Body
👨‍🍳	man cook	chef	People & Body
👩‍🍳	woman cook	chef	People & Body
🧑‍🔧	mechanic	electrician plumber tradesperson	People & Body
👨‍🔧	man mechanic	electrician plumber tradesperson	People & Body
👩‍🔧	woman mechanic	electrician plumber tradesperson	People & Body
🧑‍🏭	factory worker	assembly industrial	People & Body
👨‍🏭	man factory worker	assembly industrial	People & Body
👩‍🏭	woman factory worker	assembly industrial	People & Body
🧑‍💼	office worker	architect business manager white-collar	People & Body
👨‍💼	man office worker	architect business manager white-collar	People & Body
👩‍💼	woman office worker	architect business manager white-collar	People & Body
🧑‍🔬	scientist	biologist chemist engineer mathematician physicist	People & Body
👨‍🔬	man scientist	biologist chemist engineer mathematician physicist	People & Body
👩‍🔬	woman scientist	biologist chemist engineer mathematician physicist	People & Body
🧑‍💻	technologist	coder computer developer inventor software	People & Body
👨‍💻	man technologist	coder computer developer inventor software	People & Body
👩‍💻	woman technologist	coder computer developer inventor software	People & Body
🧑‍🎤	singer	actor entertainer rock rockstar star	People & Body
👨‍🎤	man singer	actor entertainer rock rockstar star	People & Body
👩‍🎤	woman singer	actor entertainer rock rockstar star	People & Body
🧑‍🎨	artist	palette	People & Body
👨‍🎨	man artist	palette	People & Body
👩‍🎨	woman artist	palette	People & Body
🧑‍✈️	pilot	plane	People & Body
👨‍✈️	man pilot	plane	People & Body
👩‍✈️	woman pilot	plane	People & Body
🧑‍🚀	astronaut	rocket space	People & Body
👨‍🚀	man astronaut	rocket space	People & Body
👩‍🚀	woman astronaut	rocket space	People & Body
🧑‍🚒	firefighter	fire firetruck	People & Body
👨‍🚒	man firefighter	fire firetruck	People & Body
👩‍🚒	woman firefighter	fire firetruck	People & Body
👮	police officer	apprehend arrest citation cop law over pulled undercover	People & Body
👮‍♂️	man police officer	apprehend arrest citation cop law over pulled undercover	People & Body
👮‍♀️	woman police officer	apprehend arrest citation cop law over pulled undercover	People & Body
🕵️	detective	sleuth spy	People & Body
🕵️‍♂️	man detective	sleuth spy	People & Body
🕵️‍♀️	woman detective	sleuth spy	People & Body
💂	guard	buckingham helmet london palace	People & Body
💂‍♂️	man guard	buckingham helmet london palace	People & Body
💂‍♀️	woman guard	buckingham helmet london palace	People & Body
🥷	ninja	assassin fight fighter hidden person secret skills sly soldier stealth war	People & Body
👷	construction worker	build fix hardhat hat man person rebuild remodel repair work	People & Body
👷‍♂️	man construction worker	build fix hardhat hat rebuild remodel repair work	People & Body
👷‍♀️	woman construction worker	build fix hardhat hat man rebuild remodel repair work	People & Body
🫅	person with crown	monarch noble regal royal royalty	People & Body
🤴	prince	crown fairy fairytale fantasy king royal royalty tale	People & Body
👸	princess	crown fairy fairytale fantasy queen royal royalty tale	People & Body
👳	person wearing turban		People & Body
👳‍♂️	man wearing turban		People & Body
👳‍♀️	woman wearing turban		People & Body
👲	person with skullcap	cap Chinese gua guapi hat mao pi	People & Body
🧕	woman with headscarf	bandana head hijab kerchief mantilla tichel	People & Body
🤵	person in tuxedo	formal wedding	People & Body
🤵‍♂️	man in tuxedo	formal groom wedding	People & Body
🤵‍♀️	woman in tuxedo	formal wedding	People & Body
👰	person with veil	wedding	People & Body
👰‍♂️	man with veil	wedding	People & Body
👰‍♀️	woman with veil	bride wedding	People & Body
🤰	pregnant woman		People & Body
🫃	pregnant man	belly bloated full overeat	People & Body
🫄	pregnant person	belly bloated full overeat stuffed	People & Body
🤱	breast-feeding	baby breast feeding mom mother nursing woman	People & Body
👩‍🍼	woman feeding baby	feed mom mother nanny newborn nursing	People & Body
👨‍🍼	man feeding baby	dad father feed nanny newborn nursing	People & Body
🧑‍🍼	person feeding baby	feed nanny newborn nursing parent	People & Body
👼	baby angel	church face fairy fairytale fantasy tale	People & Body
🎅	Santa Claus	celebration Christmas fairy fantasy father holiday merry tale xmas	People & Body
🤶	Mrs. Claus	celebration Christmas fairy fantasy holiday merry mother santa tale xmas	People & Body
🧑‍🎄	Mx Claus	celebration Christmas fairy fantasy holiday merry santa tale xmas	People & Body
🦸	superhero	good hero superpower	People & Body
🦸‍♂️	man superhero	good hero superpower	People & Body
🦸‍♀️	woman superhero	good hero heroine superpower	People & Body
🦹	supervillain	bad criminal evil superpower villain	People & Body
🦹‍♂️	man supervillain	bad criminal evil superpower villain	People & Body
🦹‍♀️	woman supervillain	bad criminal evil superpower villain	People & Body
🧙	mage	fantasy magic play sorcerer sorceress sorcery spell summon witch wizard	People & Body
🧙‍♂️	man mage	fantasy magic play sorcerer sorceress sorcery spell summon witch wizard	People & Body
🧙‍♀️	woman mage	fantasy magic play sorcerer sorceress sorcery spell summon witch wizard	People & Body
🧚	fairy	fairytale fantasy myth person pixie tale wings	People & Body
🧚‍♂️	man fairy	fairytale fantasy myth Oberon person pixie Puck tale wings	People & Body
🧚‍♀️	woman fairy	fairytale fantasy myth person pixie tale Titania wings	People & Body
🧛	vampire	blood Dracula fangs halloween scary supernatural teeth undead	People & Body
🧛‍♂️	man vampire	blood fangs halloween scary supernatural teeth undead	People & Body
🧛‍♀️	woman vampire	blood fangs halloween scary supernatural teeth undead	People & Body
🧜	merperson	creature fairytale folklore ocean sea siren trident	People & Body
🧜‍♂️	merman	creature fairytale folklore Neptune ocean Poseidon sea siren trident Triton	People & Body
🧜‍♀️	mermaid	creature fairytale folklore merwoman ocean sea siren trident	People & Body
🧝	elf	elves enchantment fantasy folklore magic magical myth	People & Body
🧝‍♂️	man elf	elves enchantment fantasy folklore magic magical myth	People & Body
🧝‍♀️	woman elf	elves enchantment fantasy folklore magic magical myth	People & Body
🧞	genie	djinn fantasy jinn lamp myth rub wishes	People & Body
🧞‍♂️	man genie	djinn fantasy jinn lamp myth rub wishes	People & Body
🧞‍♀️	woman genie	djinn fantasy jinn lamp myth rub wishes	People & Body
🧟	zombie	apocalypse dead halloween horror scary undead walking	People & Body
🧟‍♂️	man zombie	apocalypse dead halloween horror scary undead walking	People & Body
🧟‍♀️	woman zombie	apocalypse dead halloween horror scary undead walking	People & Body
🧌	troll	fairy fantasy monster tale trolling	People & Body
💆	person getting massage	face headache relax relaxing salon soothe spa tension therapy treatment	People & Body
💆‍♂️	man getting massage	face headache relax relaxing salon soothe spa tension therapy treatment	People & Body
💆‍♀️	woman getting massage	face headache relax relaxing salon soothe spa tension therapy treatment	People & Body
💇	person getting haircut	barber beauty chop cosmetology cut groom hair parlor shears style	People & Body
💇‍♂️	man getting haircut	barber beauty chop cosmetology cut groom hair parlor person shears style	People & Body
💇‍♀️	woman getting haircut	barber beauty chop cosmetology cut groom hair parlor person shears style	People & Body
🚶	person walking	amble gait hike man pace pedestrian stride stroll walk	People & Body
🚶‍♂️	man walking	amble gait hike pace pedestrian stride stroll walk	People & Body
🚶‍♀️	woman walking	amble gait hike man pace pedestrian stride stroll walk	People & Body
🚶‍➡️	person walking facing right	amble gait hike man pace pedestrian stride stroll walk	People & Body
🚶‍♀️‍➡️	woman walking facing right	amble gait hike man pace pedestrian stride stroll walk	People & Body
🚶‍♂️‍➡️	man walking facing right	amble gait hike pace pedestrian stride stroll walk	People & Body
🧍	person standing	stand	People & Body
🧍‍♂️	man standing	stand	People & Body
🧍‍♀️	woman standing	stand	People & Body
🧎	person kneeling	kneel knees	People & Body
🧎‍♂️	man kneeling	kneel knees	People & Body
🧎‍♀️	woman kneeling	kneel knees	People & Body
🧎‍➡️	person kneeling facing right	kneel knees	People & Body
🧎‍♀️‍➡️	woman kneeling facing right	kneel knees	People & Body
🧎‍♂️‍➡️	man kneeling facing right	kneel knees	People & Body
🧑‍🦯	person with white cane	accessibility blind probing	People & Body
🧑‍🦯‍➡️	person with white cane facing right	accessibility blind probing	People & Body
👨‍🦯	man with white cane	accessibility blind probing	People & Body
👨‍🦯‍➡️	man with white cane facing right	accessibility blind probing	People & Body
👩‍🦯	woman with white cane	accessibility blind probing	People & Body
👩‍🦯‍➡️	woman with white cane facing right	accessibility blind probing	People & Body
🧑‍🦼	person in motorized wheelchair	accessibility	People & Body
🧑‍🦼‍➡️	person in motorized wheelchair facing right	accessibility	People & Body
👨‍🦼	man in motorized wheelchair	accessibility	People & Body
👨‍🦼‍➡️	man in motorized wheelchair facing right	accessibility	People & Body
👩‍🦼	woman in motorized wheelchair	accessibility	People & Body
👩‍🦼‍➡️	woman in motorized wheelchair facing right	accessibility	People & Body
🧑‍🦽	person in manual wheelchair	accessibility	People & Body
🧑‍🦽‍➡️	person in manual wheelchair facing right	accessibility	People & Body
👨‍🦽	man in manual wheelchair	accessibility	People & Body
👨‍🦽‍➡️	man in manual wheelchair facing right	accessibility	People & Body
👩‍🦽	woman in manual wheelchair	accessibility	People & Body
👩‍🦽‍➡️	woman in manual wheelchair facing right	accessibility	People & Body
🏃	person running	fast hurry marathon move quick race racing run rush speed	People & Body
🏃‍♂️	man running	fast hurry marathon move quick race racing run rush speed	People & Body
🏃‍♀️	woman running	fast hurry marathon move quick race racing run rush speed	People & Body
🏃‍➡️	person running facing right	fast hurry marathon move quick race racing run rush speed	People & Body
🏃‍♀️‍➡️	woman running facing right	fast hurry marathon move quick race racing run rush speed	People & Body
🏃‍♂️‍➡️	man running facing right	fast hurry marathon move quick race racing run rush speed	People & Body
💃	woman dancing	dance dancer elegant festive flair flamenco groove let’s salsa tango	People & Body
🕺	man dancing	dance dancer elegant festive flair flamenco groove let’s salsa tango	People & Body
🕴️	person in suit levitating	business	People & Body
👯	people with bunny ears	bestie bff counterpart dancer double ear identical pair party partying soulmate twin twinsies	People & Body
👯‍♂️	men with bunny ears	bestie bff counterpart dancer double ear identical pair party partying people soulmate twin twinsies	People & Body
👯‍♀️	women with bunny ears	bestie bff counterpart dancer double ear identical pair party partying people soulmate twin twinsies	People & Body
🧖	person in steamy room	day luxurious pamper relax sauna spa steam steambath unwind	People & Body
🧖‍♂️	man in steamy room	day luxurious pamper relax sauna spa steam steambath unwind	People & Body
🧖‍♀️	woman in steamy room	day luxurious pamper relax sauna spa steam steambath unwind	People & Body
🧗	person climbing	climb climber mountain rock scale up	People & Body
🧗‍♂️	man climbing	climb climber mountain rock scale up	People & Body
🧗‍♀️	woman climbing	climb climber mountain rock scale up	People & Body
🤺	person fencing	fencer sword	People & Body
🏇	horse racing	jockey racehorse riding sport	People & Body
⛷️	skier	ski snow	People & Body
🏂	snowboarder	ski snow snowboard sport	People & Body
🏌️	person golfing	ball birdie caddy driving golf green pga putt range tee	People & Body
🏌️‍♂️	man golfing	ball birdie caddy driving golf green pga putt range tee	People & Body
🏌️‍♀️	woman golfing	ball birdie caddy driving golf green pga putt range tee	People & Body
🏄	person surfing	beach ocean sport surf surfer swell waves	People & Body
🏄‍♂️	man surfing	beach ocean sport surf surfer swell waves	People & Body
🏄‍♀️	woman surfing	beach ocean person sport surf surfer swell waves	People & Body
🚣	person rowing boat	canoe cruise fishing lake oar paddle raft river row rowboat	People & Body
🚣‍♂️	man rowing boat	canoe cruise fishing lake oar paddle raft river row rowboat	People & Body
🚣‍♀️	woman rowing boat	canoe cruise fishing lake oar paddle raft river row rowboat	People & Body
🏊	person swimming	freestyle sport swim swimmer triathlon	People & Body
🏊‍♂️	man swimming	freestyle sport swim swimmer triathlon	People & Body
🏊‍♀️	woman swimming	freestyle man sport swim swimmer triathlon	People & Body
⛹️	person bouncing ball	athletic basketball championship dribble net player throw	People & Body
⛹️‍♂️	man bouncing ball	athletic basketball championship dribble net player throw	People & Body
⛹️‍♀️	woman bouncing ball	athletic basketball championship dribble net player throw	People & Body
🏋️	person lifting weights	barbell bodybuilder deadlift lifter powerlifting weight weightlifter workout	People & Body
🏋️‍♂️	man lifting weights	barbell bodybuilder deadlift lifter powerlifting weight weightlifter workout	People & Body
🏋️‍♀️	woman lifting weights	barbell bodybuilder deadlift lifter powerlifting weight weightlifter workout	People & Body
🚴	person biking	bicycle bicyclist bike cycle cyclist riding sport	People & Body
🚴‍♂️	man biking	bicycle bicyclist bike cycle cyclist riding sport	People & Body
🚴‍♀️	woman biking	bicycle bicyclist bike cycle cyclist riding sport	People & Body
🚵	person mountain biking	bicycle bicyclist bike cycle cyclist riding sport	People & Body
🚵‍♂️	man mountain biking	bicycle bicyclist bike cycle cyclist riding sport	People & Body
🚵‍♀️	woman mountain biking	bicycle bicyclist bike cycle cyclist riding sport	People & Body
🤸	person cartwheeling	active cartwheel excited flip gymnastics happy somersault	People & Body
🤸‍♂️	man cartwheeling	active cartwheel excited flip gymnastics happy somersault	People & Body
🤸‍♀️	woman cartwheeling	active cartwheel excited flip gymnastics happy somersault	People & Body
🤼	people wrestling	combat duel grapple ring tournament wrestle	People & Body
🤼‍♂️	men wrestling	combat duel grapple ring tournament wrestle	People & Body
🤼‍♀️	women wrestling	combat duel grapple ring tournament wrestle	People & Body
🤽	person playing water polo	sport swimming waterpolo	People & Body
🤽‍♂️	man playing water polo	sport swimming waterpolo	People & Body
🤽‍♀️	woman playing water polo	sport swimming waterpolo	People & Body
🤾	person playing handball	athletics ball catch chuck hurl lob pitch sport throw toss	People & Body
🤾‍♂️	man playing handball	athletics ball catch chuck hurl lob pitch sport throw toss	People & Body
🤾‍♀️	woman playing handball	athletics ball catch chuck hurl lob pitch sport throw toss	People & Body
🤹	person juggling	act balance balancing handle juggle manage multitask skill	People & Body
🤹‍♂️	man juggling	act balance balancing handle juggle manage multitask skill	People & Body
🤹‍♀️	woman juggling	act balance balancing handle juggle manage multitask skill	People & Body
🧘	person in lotus position	cross legged legs meditation peace relax serenity yoga yogi zen	People & Body
🧘‍♂️	man in lotus position	cross legged legs meditation peace relax serenity yoga yogi zen	People & Body
🧘‍♀️	woman in lotus position	cross legged legs meditation peace relax serenity yoga yogi zen	People & Body
🛀	person taking bath	bathtub tub	People & Body
🛌	person in bed	bedtime good goodnight hotel nap night sleep tired zzz	People & Body
🧑‍🤝‍🧑	people holding hands	bae bestie bff couple dating flirt friends hand hold twins	People & Body
👭	women holding hands	bae bestie bff couple dating flirt friends girls hand hold sisters twins	People & Body
👫	woman and man holding hands	bae bestie bff couple dating flirt friends hand hold twins	People & Body
👬	men holding hands	bae bestie bff boys brothers couple dating flirt friends hand hold twins	People & Body
💏	kiss	anniversary babe bae couple date dating heart love mwah person romance together xoxo	People & Body
👩‍❤️‍💋‍👨	kiss: woman, man	anniversary babe bae couple date dating heart love mwah person romance together xoxo	People & Body
👨‍❤️‍💋‍👨	kiss: man, man	anniversary babe bae couple date dating heart love mwah person romance together xoxo	People & Body
👩‍❤️‍💋‍👩	kiss: woman, woman	anniversary babe bae couple date dating heart love mwah person romance together xoxo	People & Body
💑	couple with heart	anniversary babe bae dating kiss love person relationship romance together you	People & Body
👩‍❤️‍👨	couple with heart: woman, man	anniversary babe bae dating kiss love person relationship romance together you	People & Body
👨‍❤️‍👨	couple with heart: man, man	anniversary babe bae dating kiss love person relationship romance together you	People & Body
👩‍❤️‍👩	couple with heart: woman, woman	anniversary babe bae dating kiss love person relationship romance together you	People & Body
👨‍👩‍👦	family: man, woman, boy	child	People & Body
👨‍👩‍👧	family: man, woman, girl	child	People & Body
👨‍👩‍👧‍👦	family: man, woman, girl, boy	child	People & Body
👨‍👩‍👦‍👦	family: man, woman, boy, boy	child	People & Body
👨‍👩‍👧‍👧	family: man, woman, girl, girl	child	People & Body
👨‍👨‍👦	family: man, man, boy	child	People & Body
👨‍👨‍👧	family: man, man, girl	child	People & Body
👨‍👨‍👧‍👦	family: man, man, girl, boy	child	People & Body
👨‍👨‍👦‍👦	family: man, man, boy, boy	child	People & Body
👨‍👨‍👧‍👧	family: man, man, girl, girl	child	People & Body
👩‍👩‍👦	family: woman, woman, boy	child	People & Body
👩‍👩‍👧	family: woman, woman, girl	child	People & Body
👩‍👩‍👧‍👦	family: woman, woman, girl, boy	child	People & Body
👩‍👩‍👦‍👦	family: woman, woman, boy, boy	child	People & Body
👩‍👩‍👧‍👧	family: woman, woman, girl, girl	child	People & Body
👨‍👦	family: man, boy	child	People & Body
👨‍👦‍👦	family: man, boy, boy	child	People & Body
👨‍👧	family: man, girl	child	People & Body
👨‍👧‍👦	family: man, girl, boy	child	People & Body
👨‍👧‍👧	family: man, girl, girl	child	People & Body
👩‍👦	family: woman, boy	child	People & Body
👩‍👦‍👦	family: woman, boy, boy	child	People & Body
👩‍👧	family: woman, girl	child	People & Body
👩‍👧‍👦	family: woman, girl, boy	child	People & Body
👩‍👧‍👧	family: woman, girl, girl	child	People & Body
🗣️	speaking head	face silhouette speak	People & Body
👤	bust in silhouette	mysterious shadow	People & Body
👥	busts in silhouette	bff bust everyone friend friends people	People & Body
🫂	people hugging	comfort embrace farewell friendship goodbye hello hug love thanks	People & Body
👪	family	child	People & Body
🧑‍🧑‍🧒	family: adult, adult, child		People & Body
🧑‍🧑‍🧒‍🧒	family: adult, adult, child, child		People & Body
🧑‍🧒	family: adult, child		People & Body
🧑‍🧒‍🧒	family: adult, child, child		People & Body
👣	footprints	barefoot clothing footprint omw print walk	People & Body
🫆	fingerprint	clue crime detective forensics identity mystery print safety trace	People & Body
🐵	monkey face	animal banana	Animals & Nature
🐒	monkey	animal banana	Animals & Nature
🦍	gorilla	animal	Animals & Nature
🦧	orangutan	animal ape monkey	Animals & Nature
🐶	dog face	adorbs animal pet puppies puppy	Animals & Nature
🐕	dog	animal animals dogs pet	Animals & Nature
🦮	guide dog	accessibility animal blind	Animals & Nature
🐕‍🦺	service dog	accessibility animal assistance	Animals & Nature
🐩	poodle	animal dog fluffy	Animals & Nature
🐺	wolf	animal face	Animals & Nature
🦊	fox	animal face	Animals & Nature
🦝	raccoon	animal curious sly	Animals & Nature
🐱	cat face	animal kitten kitty pet	Animals & Nature
🐈	cat	animal animals cats kitten pet	Animals & Nature
🐈‍⬛	black cat	animal feline halloween meow unlucky	Animals & Nature
🦁	lion	alpha animal face Leo mane order rawr roar safari strong zodiac	Animals & Nature
🐯	tiger face	animal big cat predator	Animals & Nature
🐅	tiger	animal big cat predator zoo	Animals & Nature
🐆	leopard	animal big cat predator zoo	Animals & Nature
🐴	horse face	animal dressage equine farm horses	Animals & Nature
🫎	moose	alces animal antlers elk mammal	Animals & Nature
🫏	donkey	animal ass burro hinny mammal mule stubborn	Animals & Nature
🐎	horse	animal equestrian farm racehorse racing	Animals & Nature
🦄	unicorn	face	Animals & Nature
🦓	zebra	animal stripe	Animals & Nature
🦌	deer	animal	Animals & Nature
🦬	bison	animal buffalo herd wisent	Animals & Nature
🐮	cow face	animal farm milk moo	Animals & Nature
🐂	ox	animal animals bull farm Taurus zodiac	Animals & Nature
🐃	water buffalo	animal zoo	Animals & Nature
🐄	cow	animal animals farm milk moo	Animals & Nature
🐷	pig face	animal bacon farm pork	Animals & Nature
🐖	pig	animal bacon farm pork sow	Animals & Nature
🐗	boar	animal pig	Animals & Nature
🐽	pig nose	animal face farm smell snout	Animals & Nature
🐏	ram	animal Aries horns male sheep zodiac zoo	Animals & Nature
🐑	ewe	animal baa farm female fluffy lamb sheep wool	Animals & Nature
🐐	goat	animal Capricorn farm milk zodiac	Animals & Nature
🐪	camel	animal desert dromedary hump one	Animals & Nature
🐫	two-hump camel	animal bactrian desert hump two	Animals & Nature
🦙	llama	alpaca animal guanaco vicuña wool	Animals & Nature
🦒	giraffe	animal spots	Animals & Nature
🐘	elephant	animal	Animals & Nature
🦣	mammoth	animal extinction large tusk wooly	Animals & Nature
🦏	rhinoceros	animal	Animals & Nature
🦛	hippopotamus	animal hippo	Animals & Nature
🐭	mouse face	animal	Animals & Nature
🐁	mouse	animal animals	Animals & Nature
🐀	rat	animal	Animals & Nature
🐹	hamster	animal face pet	Animals & Nature
🐰	rabbit face	animal bunny pet	Animals & Nature
🐇	rabbit	animal bunny pet	Animals & Nature
🐿️	chipmunk	animal squirrel	Animals & Nature
🦫	beaver	animal dam teeth	Animals & Nature
🦔	hedgehog	animal spiny	Animals & Nature
🦇	bat	animal vampire	Animals & Nature
🐻	bear	animal face grizzly growl honey	Animals & Nature
🐻‍❄️	polar bear	animal arctic white	Animals & Nature
🐨	koala	animal australia bear down face marsupial under	Animals & Nature
🐼	panda	animal bamboo face	Animals & Nature
🦥	sloth	lazy slow	Animals & Nature
🦦	otter	animal fishing playful	Animals & Nature
🦨	skunk	animal stink	Animals & Nature
🦘	kangaroo	animal joey jump marsupial	Animals & Nature
🦡	badger	animal honey pester	Animals & Nature
🐾	paw prints	feet paws print	Animals & Nature
🦃	turkey	bird gobble thanksgiving	Animals & Nature
🐔	chicken	animal bird ornithology	Animals & Nature
🐓	rooster	animal bird ornithology	Animals & Nature
🐣	hatching chick	animal baby bird egg	Animals & Nature
🐤	baby chick	animal bird ornithology	Animals & Nature
🐥	front-facing baby chick	animal bird newborn ornithology	Animals & Nature
🐦	bird	animal ornithology	Animals & Nature
🐧	penguin	animal antarctica bird ornithology	Animals & Nature
🕊️	dove	bird fly ornithology peace	Animals & Nature
🦅	eagle	animal bird ornithology	Animals & Nature
🦆	duck	animal bird ornithology	Animals & Nature
🦢	swan	animal bird cygnet duckling ornithology ugly	Animals & Nature
🦉	owl	animal bird ornithology wise	Animals & Nature
🦤	dodo	animal bird extinction large ornithology	Animals & Nature
🪶	feather	bird flight light plumage	Animals & Nature
🦩	flamingo	animal bird flamboyant ornithology tropical	Animals & Nature
🦚	peacock	animal bird colorful ornithology ostentatious peahen pretty proud	Animals & Nature
🦜	parrot	animal bird ornithology pirate talk	Animals & Nature
🪽	wing	angelic ascend aviation bird fly flying heavenly mythology soar	Animals & Nature
🐦‍⬛	black bird	animal beak caw corvid crow ornithology raven rook	Animals & Nature
🪿	goose	animal bird duck flock fowl gaggle gander geese honk ornithology silly	Animals & Nature
🐦‍🔥	phoenix	ascend ascension emerge fantasy firebird glory immortal rebirth reincarnation reinvent renewal revival revive rise transform	Animals & Nature
🐸	frog	animal face	Animals & Nature
🐊	crocodile	animal zoo	Animals & Nature
🐢	turtle	animal terrapin tortoise	Animals & Nature
🦎	lizard	animal reptile	Animals & Nature
🐍	snake	animal bearer Ophiuchus serpent zodiac	Animals & Nature
🐲	dragon face	animal fairy fairytale tale	Animals & Nature
🐉	dragon	animal fairy fairytale knights tale	Animals & Nature
🦕	sauropod	brachiosaurus brontosaurus dinosaur diplodocus	Animals & Nature
🦖	T-Rex	dinosaur Rex T Tyrannosaurus	Animals & Nature
🐳	spouting whale	animal beach face ocean	Animals & Nature
🐋	whale	animal beach ocean	Animals & Nature
🐬	dolphin	animal beach flipper ocean	Animals & Nature
🦭	seal	animal lion ocean sea	Animals & Nature
🐟	fish	animal dinner fishes fishing Pisces zodiac	Animals & Nature
🐠	tropical fish	animal fishes	Animals & Nature
🐡	blowfish	animal fish	Animals & Nature
🦈	shark	animal fish	Animals & Nature
🐙	octopus	animal creature ocean	Animals & Nature
🐚	spiral shell	animal beach conch sea	Animals & Nature
🪸	coral	change climate ocean reef sea	Animals & Nature
🪼	jellyfish	animal aquarium burn invertebrate jelly life marine ocean ouch plankton sea sting stinger tentacles	Animals & Nature
🦀	crab	Cancer zodiac	Animals & Nature
🦞	lobster	animal bisque claws seafood	Animals & Nature
🦐	shrimp	food shellfish small	Animals & Nature
🦑	squid	animal food mollusk	Animals & Nature
🦪	oyster	diving pearl	Animals & Nature
🐌	snail	animal escargot garden nature slug	Animals & Nature
🦋	butterfly	insect pretty	Animals & Nature
🐛	bug	animal garden insect	Animals & Nature
🐜	ant	animal garden insect	Animals & Nature
🐝	honeybee	animal bee bumblebee honey insect nature spring	Animals & Nature
🪲	beetle	animal bug insect	Animals & Nature
🐞	lady beetle	animal garden insect ladybird ladybug nature	Animals & Nature
🦗	cricket	animal bug grasshopper insect Orthoptera	Animals & Nature
🪳	cockroach	animal insect pest roach	Animals & Nature
🕷️	spider	animal insect	Animals & Nature
🕸️	spider web		Animals & Nature
🦂	scorpion	Scorpio Scorpius zodiac	Animals & Nature
🦟	mosquito	bite disease fever insect malaria pest virus	Animals & Nature
🪰	fly	animal disease insect maggot pest rotting	Animals & Nature
🪱	worm	animal annelid earthworm parasite	Animals & Nature
🦠	microbe	amoeba bacteria science virus	Animals & Nature
💐	bouquet	anniversary birthday date flower love plant romance	Animals & Nature
🌸	cherry blossom	flower plant spring springtime	Animals & Nature
💮	white flower		Animals & Nature
🪷	lotus	beauty Buddhism calm flower Hinduism peace purity serenity	Animals & Nature
🏵️	rosette	plant	Animals & Nature
🌹	rose	beauty elegant flower love plant red valentine	Animals & Nature
🥀	wilted flower	dying	Animals & Nature
🌺	hibiscus	flower plant	Animals & Nature
🌻	sunflower	flower outdoors plant sun	Animals & Nature
🌼	blossom	buttercup dandelion flower plant	Animals & Nature
🌷	tulip	blossom flower growth plant	Animals & Nature
🪻	hyacinth	bloom bluebonnet flower indigo lavender lilac lupine plant purple shrub snapdragon spring violet	Animals & Nature
🌱	seedling	plant sapling sprout young	Animals & Nature
🪴	potted plant	decor grow house nurturing pot	Animals & Nature
🌲	evergreen tree	christmas forest pine	Animals & Nature
🌳	deciduous tree	forest green habitat shedding	Animals & Nature
🌴	palm tree	beach plant tropical	Animals & Nature
🌵	cactus	desert drought nature plant	Animals & Nature
🌾	sheaf of rice	ear grain grains plant	Animals & Nature
🌿	herb	leaf plant	Animals & Nature
☘️	shamrock	irish plant	Animals & Nature
🍀	four leaf clover	4 four-leaf irish lucky plant	Animals & Nature
🍁	maple leaf	falling	Animals & Nature
🍂	fallen leaf	autumn fall falling	Animals & Nature
🍃	leaf fluttering in wind	blow flutter	Animals & Nature
🪹	empty nest	branch home nesting	Animals & Nature
🪺	nest with eggs	bird branch egg nesting	Animals & Nature
🍄	mushroom	fungus toadstool	Animals & Nature
🪾	leafless tree	bare barren branches dead drought trunk winter wood	Animals & Nature
🍇	grapes	Dionysus fruit grape	Food & Drink
🍈	melon	cantaloupe fruit	Food & Drink
🍉	watermelon	fruit	Food & Drink
🍊	tangerine	c citrus fruit nectarine orange vitamin	Food & Drink
🍋	lemon	citrus fruit sour	Food & Drink
🍋‍🟩	lime	acidity citrus cocktail fruit garnish key margarita mojito refreshing salsa sour tangy tequila tropical zest	Food & Drink
🍌	banana	fruit potassium	Food & Drink
🍍	pineapple	colada fruit pina tropical	Food & Drink
🥭	mango	food fruit tropical	Food & Drink
🍎	red apple	diet food fruit health ripe	Food & Drink
🍏	green apple	fruit	Food & Drink
🍐	pear	fruit	Food & Drink
🍑	peach	fruit	Food & Drink
🍒	cherries	berries cherry fruit red	Food & Drink
🍓	strawberry	berry fruit	Food & Drink
🫐	blueberries	berries berry bilberry blue blueberry food fruit	Food & Drink
🥝	kiwi fruit	food	Food & Drink
🍅	tomato	food fruit vegetable	Food & Drink
🫒	olive	food	Food & Drink
🥥	coconut	colada palm piña	Food & Drink
🥑	avocado	food fruit	Food & Drink
🍆	eggplant	aubergine vegetable	Food & Drink
🥔	potato	food vegetable	Food & Drink
🥕	carrot	food vegetable	Food & Drink
🌽	ear of corn	crops farm maize maze	Food & Drink
🌶️	hot pepper		Food & Drink
🫑	bell pepper	capsicum food vegetable	Food & Drink
🥒	cucumber	food pickle vegetable	Food & Drink
🥬	leafy green	bok burgers cabbage choy kale lettuce salad	Food & Drink
🥦	broccoli	cabbage wild	Food & Drink
🧄	garlic	flavoring	Food & Drink
🧅	onion	flavoring	Food & Drink
🥜	peanuts	food nut peanut vegetable	Food & Drink
🫘	beans	food kidney legume small	Food & Drink
🌰	chestnut	almond plant	Food & Drink
🫚	ginger root	beer health herb natural spice	Food & Drink
🫛	pea pod	beans beanstalk edamame legume soybean vegetable veggie	Food & Drink
🍄‍🟫	brown mushroom	food fungi fungus nature pizza portobello shiitake shroom spore sprout toppings truffle vegetable vegetarian veggie	Food & Drink
🫜	root vegetable	beet food garden radish salad turnip vegetarian	Food & Drink
🍞	bread	carbs food grain loaf restaurant toast wheat	Food & Drink
🥐	croissant	bread breakfast crescent food french roll	Food & Drink
🥖	baguette bread	food french	Food & Drink
🫓	flatbread	arepa bread food gordita lavash naan pita	Food & Drink
🥨	pretzel	convoluted twisted	Food & Drink
🥯	bagel	bakery bread breakfast schmear	Food & Drink
🥞	pancakes	breakfast crêpe food hotcake pancake	Food & Drink
🧇	waffle	breakfast indecisive iron	Food & Drink
🧀	cheese wedge		Food & Drink
🍖	meat on bone		Food & Drink
🍗	poultry leg	bone chicken drumstick hungry turkey	Food & Drink
🥩	cut of meat	chop lambchop porkchop red steak	Food & Drink
🥓	bacon	breakfast food meat	Food & Drink
🍔	hamburger	burger eat fast food hungry	Food & Drink
🍟	french fries	fast food	Food & Drink
🍕	pizza	cheese food hungry pepperoni slice	Food & Drink
🌭	hot dog	frankfurter hotdog sausage	Food & Drink
🥪	sandwich	bread	Food & Drink
🌮	taco	mexican	Food & Drink
🌯	burrito	mexican wrap	Food & Drink
🫔	tamale	food mexican pamonha wrapped	Food & Drink
🥙	stuffed flatbread	falafel food gyro kebab	Food & Drink
🧆	falafel	chickpea meatball	Food & Drink
🥚	egg	breakfast food	Food & Drink
🍳	cooking	breakfast easy egg fry frying over pan restaurant side sunny up	Food & Drink
🥘	shallow pan of food	casserole paella	Food & Drink
🍲	pot of food	soup stew	Food & Drink
🫕	fondue	cheese chocolate food melted pot ski	Food & Drink
🥣	bowl with spoon	breakfast cereal congee oatmeal porridge	Food & Drink
🥗	green salad	food	Food & Drink
🍿	popcorn	corn movie pop	Food & Drink
🧈	butter	dairy	Food & Drink
🧂	salt	condiment flavor mad salty shaker taste upset	Food & Drink
🥫	canned food	can	Food & Drink
🍱	bento box	food	Food & Drink
🍘	rice cracker	food	Food & Drink
🍙	rice ball	food Japanese	Food & Drink
🍚	cooked rice	food	Food & Drink
🍛	curry rice	food	Food & Drink
🍜	steaming bowl	chopsticks food noodle pho ramen soup	Food & Drink
🍝	spaghetti	food meatballs pasta restaurant	Food & Drink
🍠	roasted sweet potato	food	Food & Drink
🍢	oden	food kebab restaurant seafood skewer stick	Food & Drink
🍣	sushi	food	Food & Drink
🍤	fried shrimp	prawn tempura	Food & Drink
🍥	fish cake with swirl	food pastry restaurant	Food & Drink
🥮	moon cake	autumn festival yuèbǐng	Food & Drink
🍡	dango	dessert Japanese skewer stick sweet	Food & Drink
🥟	dumpling	empanada gyōza jiaozi pierogi potsticker	Food & Drink
🥠	fortune cookie	prophecy	Food & Drink
🥡	takeout box	chopsticks delivery food oyster pail	Food & Drink
🍦	soft ice cream	dessert food icecream restaurant serve sweet	Food & Drink
🍧	shaved ice	dessert restaurant sweet	Food & Drink
🍨	ice cream	dessert food restaurant sweet	Food & Drink
🍩	doughnut	breakfast dessert donut food sweet	Food & Drink
🍪	cookie	chip chocolate dessert sweet	Food & Drink
🎂	birthday cake	bday celebration dessert happy pastry sweet	Food & Drink
🍰	shortcake	cake dessert pastry slice sweet	Food & Drink
🧁	cupcake	bakery dessert sprinkles sugar sweet treat	Food & Drink
🥧	pie	apple filling fruit meat pastry pumpkin slice	Food & Drink
🍫	chocolate bar	candy dessert halloween sweet tooth	Food & Drink
🍬	candy	cavities dessert halloween restaurant sweet tooth wrapper	Food & Drink
🍭	lollipop	candy dessert food restaurant sweet	Food & Drink
🍮	custard	dessert pudding sweet	Food & Drink
🍯	honey pot	barrel bear food honeypot jar sweet	Food & Drink
🍼	baby bottle	babies birth born drink infant milk newborn	Food & Drink
🥛	glass of milk	drink	Food & Drink
☕	hot beverage	cafe caffeine chai coffee drink morning steaming tea	Food & Drink
🫖	teapot	brew drink food pot tea	Food & Drink
🍵	teacup without handle	beverage cup drink oolong tea	Food & Drink
🍶	sake	bar beverage bottle cup drink restaurant	Food & Drink
🍾	bottle with popping cork	bar drink	Food & Drink
🍷	wine glass	alcohol bar beverage booze club drink drinking drinks restaurant	Food & Drink
🍸	cocktail glass	alcohol bar booze club drink drinking drinks mad martini men	Food & Drink
🍹	tropical drink	alcohol bar booze club cocktail drinking drinks drunk mai party tai tropics	Food & Drink
🍺	beer mug	alcohol ale bar booze drink drinking drinks octoberfest oktoberfest pint stein summer	Food & Drink
🍻	clinking beer mugs	alcohol bar booze bottoms cheers clink drinking drinks	Food & Drink
🥂	clinking glasses	celebrate clink drink glass	Food & Drink
🥃	tumbler glass	liquor scotch shot whiskey whisky	Food & Drink
🫗	pouring liquid	accident drink empty glass oops pour spill water	Food & Drink
🥤	cup with straw	drink juice malt soda soft water	Food & Drink
🧋	bubble tea	boba food milk pearl	Food & Drink
🧃	beverage box	juice straw sweet	Food & Drink
🧉	mate	drink	Food & Drink
🧊	ice	cold cube iceberg	Food & Drink
🥢	chopsticks	hashi jeotgarak kuaizi	Food & Drink
🍽️	fork and knife with plate	cooking dinner eat	Food & Drink
🍴	fork and knife	breakfast breaky cooking cutlery delicious dinner eat feed food hungry lunch restaurant yum yummy	Food & Drink
🥄	spoon	eat tableware	Food & Drink
🔪	kitchen knife	chef cooking hocho tool weapon	Food & Drink
🫙	jar	condiment container empty nothing sauce store	Food & Drink
🏺	amphora	Aquarius cooking drink jug tool weapon zodiac	Food & Drink
🌍	globe showing Europe-Africa	Africa earth Europe world	Travel & Places
🌎	globe showing Americas	earth world	Travel & Places
🌏	globe showing Asia-Australia	Asia Australia earth world	Travel & Places
🌐	globe with meridians	earth internet web world worldwide	Travel & Places
🗺️	world map		Travel & Places
🗾	map of Japan		Travel & Places
🧭	compass	direction magnetic navigation orienteering	Travel & Places
🏔️	snow-capped mountain	cold snow	Travel & Places
⛰️	mountain		Travel & Places
🌋	volcano	eruption mountain nature	Travel & Places
🗻	mount fuji	mountain nature	Travel & Places
🏕️	camping		Travel & Places
🏖️	beach with umbrella		Travel & Places
🏜️	desert		Travel & Places
🏝️	desert island		Travel & Places
🏞️	national park		Travel & Places
🏟️	stadium		Travel & Places
🏛️	classical building		Travel & Places
🏗️	building construction	crane	Travel & Places
🧱	brick	bricks clay mortar wall	Travel & Places
🪨	rock	boulder heavy solid stone tough	Travel & Places
🪵	wood	log lumber timber	Travel & Places
🛖	hut	home house roundhouse shelter yurt	Travel & Places
🏘️	houses	house	Travel & Places
🏚️	derelict house	home	Travel & Places
🏠	house	building country heart home ranch settle simple suburban suburbia where	Travel & Places
🏡	house with garden	building country heart home ranch settle simple suburban suburbia where	Travel & Places
🏢	office building	city cubical job	Travel & Places
🏣	Japanese post office	building	Travel & Places
🏤	post office	building European	Travel & Places
🏥	hospital	building doctor medicine	Travel & Places
🏦	bank	building	Travel & Places
🏨	hotel	building	Travel & Places
🏩	love hotel	building	Travel & Places
🏪	convenience store	24 building hours	Travel & Places
🏫	school	building	Travel & Places
🏬	department store	building	Travel & Places
🏭	factory	building	Travel & Places
🏯	Japanese castle	building	Travel & Places
🏰	castle	building European	Travel & Places
💒	wedding	chapel hitched nuptials romance	Travel & Places
🗼	Tokyo tower		Travel & Places
🗽	Statue of Liberty	new ny nyc york	Travel & Places
⛪	church	bless chapel Christian cross religion	Travel & Places
🕌	mosque	islam masjid Muslim religion	Travel & Places
🛕	hindu temple		Travel & Places
🕍	synagogue	Jew Jewish judaism religion temple	Travel & Places
⛩️	shinto shrine	religion	Travel & Places
🕋	kaaba	hajj islam Muslim religion umrah	Travel & Places
⛲	fountain		Travel & Places
⛺	tent	camping	Travel & Places
🌁	foggy	fog	Travel & Places
🌃	night with stars	star	Travel & Places
🏙️	cityscape	city	Travel & Places
🌄	sunrise over mountains	morning sun	Travel & Places
🌅	sunrise	morning nature sun	Travel & Places
🌆	cityscape at dusk	building city evening landscape sun sunset	Travel & Places
🌇	sunset	building dusk sun	Travel & Places
🌉	bridge at night		Travel & Places
♨️	hot springs	hotsprings steaming	Travel & Places
🎠	carousel horse	entertainment	Travel & Places
🛝	playground slide	amusement park play playing sliding theme	Travel & Places
🎡	ferris wheel	amusement park theme	Travel & Places
🎢	roller coaster	amusement park theme	Travel & Places
💈	barber pole	cut fresh haircut shave	Travel & Places
🎪	circus tent		Travel & Places
🚂	locomotive	caboose engine railway steam train trains travel	Travel & Places
🚃	railway car	electric train tram travel trolleybus	Travel & Places
🚄	high-speed train	railway shinkansen speed	Travel & Places
🚅	bullet train	high-speed nose railway shinkansen speed travel	Travel & Places
🚆	train	arrived choo railway	Travel & Places
🚇	metro	subway travel	Travel & Places
🚈	light rail	arrived monorail railway	Travel & Places
🚉	station	railway train	Travel & Places
🚊	tram	trolleybus	Travel & Places
🚝	monorail	vehicle	Travel & Places
🚞	mountain railway	car trip	Travel & Places
🚋	tram car	bus trolley trolleybus	Travel & Places
🚌	bus	school vehicle	Travel & Places
🚍	oncoming bus	cars	Travel & Places
🚎	trolleybus	bus tram trolley	Travel & Places
🚐	minibus	bus drive van vehicle	Travel & Places
🚑	ambulance	emergency vehicle	Travel & Places
🚒	fire engine	truck	Travel & Places
🚓	police car	5–0 cops patrol	Travel & Places
🚔	oncoming police car		Travel & Places
🚕	taxi	cab cabbie car drive vehicle yellow	Travel & Places
🚖	oncoming taxi	cab cabbie cars drove hail yellow	Travel & Places
🚗	automobile	car driving vehicle	Travel & Places
🚘	oncoming automobile	car cars drove vehicle	Travel & Places
🚙	sport utility vehicle	car drive recreational sportutility	Travel & Places
🛻	pickup truck	automobile car flatbed pick-up transportation	Travel & Places
🚚	delivery truck	car drive vehicle	Travel & Places
🚛	articulated lorry	car drive move semi truck vehicle	Travel & Places
🚜	tractor	vehicle	Travel & Places
🏎️	racing car	zoom	Travel & Places
🏍️	motorcycle	racing	Travel & Places
🛵	motor scooter		Travel & Places
🦽	manual wheelchair	accessibility	Travel & Places
🦼	motorized wheelchair	accessibility	Travel & Places
🛺	auto rickshaw	tuk	Travel & Places
🚲	bicycle	bike class cycle cycling cyclist gang ride spin spinning	Travel & Places
🛴	kick scooter		Travel & Places
🛹	skateboard	board skate skater wheels	Travel & Places
🛼	roller skate	blades skates sport	Travel & Places
🚏	bus stop	busstop	Travel & Places
🛣️	motorway	highway road	Travel & Places
🛤️	railway track	train	Travel & Places
🛢️	oil drum		Travel & Places
⛽	fuel pump	diesel fuelpump gas gasoline station	Travel & Places
🛞	wheel	car circle tire turn vehicle	Travel & Places
🚨	police car light	alarm alert beacon emergency revolving siren	Travel & Places
🚥	horizontal traffic light	intersection signal stop stoplight	Travel & Places
🚦	vertical traffic light	drove intersection signal stop stoplight	Travel & Places
🛑	stop sign	octagonal	Travel & Places
🚧	construction	barrier	Travel & Places
⚓	anchor	ship tool	Travel & Places
🛟	ring buoy	float life lifesaver preserver rescue safety save saver swim	Travel & Places
⛵	sailboat	boat resort sailing sea yacht	Travel & Places
🛶	canoe	boat	Travel & Places
🚤	speedboat	billionaire boat lake luxury millionaire summer travel	Travel & Places
🛳️	passenger ship		Travel & Places
⛴️	ferry	boat passenger	Travel & Places
🛥️	motor boat	motorboat	Travel & Places
🚢	ship	boat passenger travel	Travel & Places
✈️	airplane	aeroplane fly flying jet plane travel	Travel & Places
🛩️	small airplane	aeroplane plane	Travel & Places
🛫	airplane departure	aeroplane check-in departures plane	Travel & Places
🛬	airplane arrival	aeroplane arrivals arriving landing plane	Travel & Places
🪂	parachute	hang-glide parasail skydive	Travel & Places
💺	seat	chair	Travel & Places
🚁	helicopter	copter roflcopter travel vehicle	Travel & Places
🚟	suspension railway		Travel & Places
🚠	mountain cableway	cable gondola lift ski	Travel & Places
🚡	aerial tramway	cable car gondola ropeway	Travel & Places
🛰️	satellite	space	Travel & Places
🚀	rocket	launch rockets space travel	Travel & Places
🛸	flying saucer	aliens extra terrestrial UFO	Travel & Places
🛎️	bellhop bell	hotel	Travel & Places
🧳	luggage	bag packing roller suitcase travel	Travel & Places
⌛	hourglass done	sand time timer	Travel & Places
⏳	hourglass not done	flowing hours sand timer waiting yolo	Travel & Places
⌚	watch	clock time	Travel & Places
⏰	alarm clock	hours hrs late time waiting	Travel & Places
⏱️	stopwatch	clock time	Travel & Places
⏲️	timer clock		Travel & Places
🕰️	mantelpiece clock	time	Travel & Places
🕛	twelve o’clock	12 12:00 o’clock time	Travel & Places
🕧	twelve-thirty	12 12:30 30 clock thirty time twelve	Travel & Places
🕐	one o’clock	1 1:00 o’clock time	Travel & Places
🕜	one-thirty	1 1:30 30 clock one thirty time	Travel & Places
🕑	two o’clock	2 2:00 o’clock time	Travel & Places
🕝	two-thirty	2 2:30 30 clock thirty time two	Travel & Places
🕒	three o’clock	3 3:00 o’clock time	Travel & Places
🕞	three-thirty	3 3:30 30 clock thirty three time	Travel & Places
🕓	four o’clock	4 4:00 o’clock time	Travel & Places
🕟	four-thirty	30 4 4:30 clock four thirty time	Travel & Places
🕔	five o’clock	5 5:00 o’clock time	Travel & Places
🕠	five-thirty	30 5 5:30 clock five thirty time	Travel & Places
🕕	six o’clock	6 6:00 o’clock time	Travel & Places
🕡	six-thirty	30 6 6:30 clock six thirty	Travel & Places
🕖	seven o’clock	0 7 7:00 o’clock	Travel & Places
🕢	seven-thirty	30 7 7:30 clock seven thirty	Travel & Places
🕗	eight o’clock	8 8:00 o’clock time	Travel & Places
🕣	eight-thirty	30 8 8:30 clock eight thirty time	Travel & Places
🕘	nine o’clock	9 9:00 o’clock time	Travel & Places
🕤	nine-thirty	30 9 9:30 clock nine thirty time	Travel & Places
🕙	ten o’clock	0 10 10:00 o’clock	Travel & Places
🕥	ten-thirty	10 10:30 30 clock ten thirty time	Travel & Places
🕚	eleven o’clock	11 11:00 o’clock time	Travel & Places
🕦	eleven-thirty	11 11:30 30 clock eleven thirty time	Travel & Places
🌑	new moon	dark space	Travel & Places
🌒	waxing crescent moon	dreams space	Travel & Places
🌓	first quarter moon	space	Travel & Places
🌔	waxing gibbous moon	space	Travel & Places
🌕	full moon	space	Travel & Places
🌖	waning gibbous moon	space	Travel & Places
🌗	last quarter moon	space	Travel & Places
🌘	waning crescent moon	space	Travel & Places
🌙	crescent moon	ramadan space	Travel & Places
🌚	new moon face	space	Travel & Places
🌛	first quarter moon face	space	Travel & Places
🌜	last quarter moon face	dreams	Travel & Places
🌡️	thermometer	weather	Travel & Places
☀️	sun	bright rays space sunny weather	Travel & Places
🌝	full moon face	bright	Travel & Places
🌞	sun with face	beach bright day heat shine sunny sunshine weather	Travel & Places
🪐	ringed planet	saturn saturnine	Travel & Places
⭐	star	astronomy medium stars white	Travel & Places
🌟	glowing star	glittery glow night shining sparkle win	Travel & Places
🌠	shooting star	falling night space	Travel & Places
🌌	milky way	space	Travel & Places
☁️	cloud	weather	Travel & Places
⛅	sun behind cloud	cloudy weather	Travel & Places
⛈️	cloud with lightning and rain	thunder thunderstorm	Travel & Places
🌤️	sun behind small cloud	weather	Travel & Places
🌥️	sun behind large cloud	weather	Travel & Places
🌦️	sun behind rain cloud	weather	Travel & Places
🌧️	cloud with rain	weather	Travel & Places
🌨️	cloud with snow	cold weather	Travel & Places
🌩️	cloud with lightning	weather	Travel & Places
🌪️	tornado	cloud weather whirlwind	Travel & Places
🌫️	fog	cloud weather	Travel & Places
🌬️	wind face	blow cloud	Travel & Places
🌀	cyclone	dizzy hurricane twister typhoon weather	Travel & Places
🌈	rainbow	gay genderqueer glbt glbtq lesbian lgbt lgbtq lgbtqia nature pride queer rain trans transgender weather	Travel & Places
🌂	closed umbrella	clothing rain	Travel & Places
☂️	umbrella	clothing rain	Travel & Places
☔	umbrella with rain drops	clothing drop weather	Travel & Places
⛱️	umbrella on ground	rain sun	Travel & Places
⚡	high voltage	danger electric electricity lightning nature thunder thunderbolt zap	Travel & Places
❄️	snowflake	cold snow weather	Travel & Places
☃️	snowman	cold man snow	Travel & Places
⛄	snowman without snow	cold man	Travel & Places
☄️	comet	space	Travel & Places
🔥	fire	af burn flame hot lit litaf tool	Travel & Places
💧	droplet	cold comic drop nature sad sweat tear water weather	Travel & Places
🌊	water wave	nature ocean surf surfer surfing	Travel & Places
🎃	jack-o-lantern	celebration halloween jack lantern pumpkin	Activities
🎄	Christmas tree	celebration	Activities
🎆	fireworks	boom celebration entertainment yolo	Activities
🎇	sparkler	boom celebration fireworks sparkle	Activities
🧨	firecracker	dynamite explosive fire fireworks light pop popping spark	Activities
✨	sparkles	* magic sparkle star	Activities
🎈	balloon	birthday celebrate celebration	Activities
🎉	party popper	awesome birthday celebrate celebration excited hooray tada woohoo	Activities
🎊	confetti ball	celebrate celebration party woohoo	Activities
🎋	tanabata tree	banner celebration Japanese	Activities
🎍	pine decoration	bamboo celebration Japanese plant	Activities
🎎	Japanese dolls	celebration doll festival	Activities
🎏	carp streamer	celebration	Activities
🎐	wind chime	bell celebration	Activities
🎑	moon viewing ceremony	celebration	Activities
🧧	red envelope	gift good hóngbāo lai luck money see	Activities
🎀	ribbon	celebration	Activities
🎁	wrapped gift	birthday bow box celebration christmas present surprise	Activities
🎗️	reminder ribbon	celebration	Activities
🎟️	admission tickets	ticket	Activities
🎫	ticket	admission stub	Activities
🎖️	military medal	award celebration	Activities
🏆	trophy	champion champs prize slay sport victory win winning	Activities
🏅	sports medal	award gold winner	Activities
🥇	1st place medal	first gold	Activities
🥈	2nd place medal	second silver	Activities
🥉	3rd place medal	bronze third	Activities
⚽	soccer ball	football futbol sport	Activities
⚾	baseball	ball sport	Activities
🥎	softball	ball glove sports underarm	Activities
🏀	basketball	ball hoop sport	Activities
🏐	volleyball	ball game	Activities
🏈	american football	ball bowl sport super	Activities
🏉	rugby football	ball sport	Activities
🎾	tennis	ball racquet sport	Activities
🥏	flying disc	ultimate	Activities
🎳	bowling	ball game sport strike	Activities
🏏	cricket game	ball bat	Activities
🏑	field hockey	ball game stick	Activities
🏒	ice hockey	game puck stick	Activities
🥍	lacrosse	ball goal sports stick	Activities
🏓	ping pong	ball bat game paddle pingpong table tennis	Activities
🏸	badminton	birdie game racquet shuttlecock	Activities
🥊	boxing glove		Activities
🥋	martial arts uniform	judo karate taekwondo	Activities
🥅	goal net		Activities
⛳	flag in hole	golf sport	Activities
⛸️	ice skate	skating	Activities
🎣	fishing pole	entertainment fish sport	Activities
🤿	diving mask	scuba snorkeling	Activities
🎽	running shirt	athletics sash	Activities
🎿	skis	ski snow sport	Activities
🛷	sled	luge sledge sleigh snow toboggan	Activities
🥌	curling stone	game rock	Activities
🎯	bullseye	bull dart direct entertainment game hit target	Activities
🪀	yo-yo	fluctuate toy	Activities
🪁	kite	fly soar	Activities
🔫	water pistol	gun handgun revolver tool weapon	Activities
🎱	pool 8 ball	8ball billiard eight game	Activities
🔮	crystal ball	fairy fairytale fantasy fortune future magic tale tool	Activities
🪄	magic wand	magician witch wizard	Activities
🎮	video game	controller entertainment	Activities
🕹️	joystick	game video videogame	Activities
🎰	slot machine	casino gamble gambling game slots	Activities
🎲	game die	dice entertainment	Activities
🧩	puzzle piece	clue interlocking jigsaw	Activities
🧸	teddy bear	plaything plush stuffed toy	Activities
🪅	piñata	candy celebrate celebration cinco de festive mayo party pinada pinata	Activities
🪩	mirror ball	dance disco glitter party	Activities
🪆	nesting dolls	babooshka baboushka babushka doll matryoshka russia	Activities
♠️	spade suit	card game	Activities
♥️	heart suit	card emotion game hearts	Activities
♦️	diamond suit	card game	Activities
♣️	club suit	card clubs game	Activities
♟️	chess pawn	dupe expendable	Activities
🃏	joker	card game wildcard	Activities
🀄	mahjong red dragon	game	Activities
🎴	flower playing cards	card game Japanese	Activities
🎭	performing arts	actor actress art entertainment mask theater theatre thespian	Activities
🖼️	framed picture	art frame museum painting	Activities
🎨	artist palette	art artsy arty colorful creative entertainment museum painter painting	Activities
🧵	thread	needle sewing spool string	Activities
🪡	sewing needle	embroidery sew stitches sutures tailoring thread	Activities
🧶	yarn	ball crochet knit	Activities
🪢	knot	cord rope tangled tie twine twist	Activities
👓	glasses	clothing eye eyeglasses eyewear	Objects
🕶️	sunglasses	dark eye eyewear glasses	Objects
🥽	goggles	dive eye protection scuba swimming welding	Objects
🥼	lab coat	clothes doctor dr experiment jacket scientist white	Objects
🦺	safety vest	emergency	Objects
👔	necktie	clothing employed serious shirt tie	Objects
👕	t-shirt	blue casual clothes clothing collar dressed shirt shopping tshirt weekend	Objects
👖	jeans	blue casual clothes clothing denim dressed pants shopping trousers weekend	Objects
🧣	scarf	bundle cold neck up	Objects
🧤	gloves	hand	Objects
🧥	coat	brr bundle cold jacket up	Objects
🧦	socks	stocking	Objects
👗	dress	clothes clothing dressed fancy shopping	Objects
👘	kimono	clothing comfortable	Objects
🥻	sari	clothing dress	Objects
🩱	one-piece swimsuit	bathing suit	Objects
🩲	briefs	bathing one-piece suit swimsuit underwear	Objects
🩳	shorts	bathing pants suit swimsuit underwear	Objects
👙	bikini	bathing beach clothing pool suit swim	Objects
👚	woman’s clothes	blouse clothing collar dress dressed lady shirt shopping woman’s	Objects
🪭	folding hand fan	clack clap cool cooling dance flirt flutter hot shy	Objects
👛	purse	clothes clothing coin dress fancy handbag shopping	Objects
👜	handbag	bag clothes clothing dress lady purse shopping	Objects
👝	clutch bag	clothes clothing dress handbag pouch purse	Objects
🛍️	shopping bags	bag hotel	Objects
🎒	backpack	backpacking bag bookbag education rucksack satchel school	Objects
🩴	thong sandal	beach flip flop sandals shoe thongs zōri	Objects
👞	man’s shoe	brown clothes clothing feet foot kick man’s shoes shopping	Objects
👟	running shoe	athletic clothes clothing fast kick shoes shopping sneaker tennis	Objects
🥾	hiking boot	backpacking brown camping outdoors shoe	Objects
🥿	flat shoe	ballet comfy flats slip-on slipper	Objects
👠	high-heeled shoe	clothes clothing dress fashion heel heels shoes shopping stiletto woman	Objects
👡	woman’s sandal	clothing shoe woman’s	Objects
🩰	ballet shoes	dance	Objects
👢	woman’s boot	clothes clothing dress shoe shoes shopping woman’s	Objects
🪮	hair pick	Afro comb groom	Objects
👑	crown	clothing family king medieval queen royal royalty win	Objects
👒	woman’s hat	clothes clothing garden hats party woman’s	Objects
🎩	top hat	clothes clothing fancy formal magic tophat	Objects
🎓	graduation cap	celebration clothing education hat scholar	Objects
🧢	billed cap	baseball bent dad hat	Objects
🪖	military helmet	army soldier war warrior	Objects
⛑️	rescue worker’s helmet	aid cross face hat worker’s	Objects
📿	prayer beads	clothing necklace religion	Objects
💄	lipstick	cosmetics date makeup	Objects
💍	ring	diamond engaged engagement married romance shiny sparkling wedding	Objects
💎	gem stone	diamond engagement jewel money romance wedding	Objects
🔇	muted speaker	mute quiet silent sound	Objects
🔈	speaker low volume	soft sound	Objects
🔉	speaker medium volume	sound	Objects
🔊	speaker high volume	loud music sound	Objects
📢	loudspeaker	address communication loud public sound	Objects
📣	megaphone	cheering sound	Objects
📯	postal horn	post	Objects
🔔	bell	break church sound	Objects
🔕	bell with slash	forbidden mute no not prohibited quiet silent sound	Objects
🎼	musical score	music note	Objects
🎵	musical note	music sound	Objects
🎶	musical notes	music note sound	Objects
🎙️	studio microphone	mic music	Objects
🎚️	level slider	music	Objects
🎛️	control knobs	music	Objects
🎤	microphone	karaoke mic music sing sound	Objects
🎧	headphone	earbud sound	Objects
📻	radio	entertainment tbt video	Objects
🎷	saxophone	instrument music sax	Objects
🎺	trumpet	instrument music	Objects
🪗	accordion	box concertina instrument music squeeze squeezebox	Objects
🎸	guitar	instrument music strat	Objects
🎹	musical keyboard	instrument music piano	Objects
🎻	violin	instrument music	Objects
🪕	banjo	music stringed	Objects
🥁	drum	drumsticks music	Objects
🪘	long drum	beat conga instrument rhythm	Objects
🪇	maracas	cha dance instrument music party percussion rattle shake shaker	Objects
🪈	flute	band fife flautist instrument marching music orchestra piccolo pipe recorder woodwind	Objects
🪉	harp	cupid instrument love music orchestra	Objects
📱	mobile phone	cell communication telephone	Objects
📲	mobile phone with arrow	build call cell communication receive telephone	Objects
☎️	telephone	phone	Objects
📞	telephone receiver	communication phone voip	Objects
📟	pager	communication	Objects
📠	fax machine	communication	Objects
🔋	battery		Objects
🪫	low battery	drained electronic energy power	Objects
🔌	electric plug	electricity	Objects
💻	laptop	computer office pc personal	Objects
🖥️	desktop computer	monitor	Objects
🖨️	printer	computer	Objects
⌨️	keyboard	computer	Objects
🖱️	computer mouse		Objects
🖲️	trackball	computer	Objects
💽	computer disk	minidisk optical	Objects
💾	floppy disk	computer	Objects
💿	optical disk	blu-ray CD computer dvd	Objects
📀	dvd	Blu-ray cd computer disk optical	Objects
🧮	abacus	calculation calculator	Objects
🎥	movie camera	bollywood cinema film hollywood record	Objects
🎞️	film frames	cinema movie	Objects
📽️	film projector	cinema movie video	Objects
🎬	clapper board	action movie	Objects
📺	television	tv video	Objects
📷	camera	photo selfie snap tbt trip video	Objects
📸	camera with flash	video	Objects
📹	video camera	camcorder tbt	Objects
📼	videocassette	old school tape vcr vhs video	Objects
🔍	magnifying glass tilted left	lab left-pointing science search tool	Objects
🔎	magnifying glass tilted right	contact lab right-pointing science search tool	Objects
🕯️	candle	light	Objects
💡	light bulb	comic electric idea	Objects
🔦	flashlight	electric light tool torch	Objects
🏮	red paper lantern	bar light restaurant	Objects
🪔	diya lamp	light oil	Objects
📔	notebook with decorative cover	book decorated education school writing	Objects
📕	closed book	education	Objects
📖	open book	education fantasy knowledge library novels reading	Objects
📗	green book	education fantasy library reading	Objects
📘	blue book	education fantasy library reading	Objects
📙	orange book	education fantasy library reading	Objects
📚	books	book education fantasy knowledge library novels reading school study	Objects
📓	notebook		Objects
📒	ledger	notebook	Objects
📃	page with curl	document paper	Objects
📜	scroll	paper	Objects
📄	page facing up	document paper	Objects
📰	newspaper	communication news paper	Objects
🗞️	rolled-up newspaper	news paper rolled	Objects
📑	bookmark tabs	mark marker	Objects
🔖	bookmark	mark	Objects
🏷️	label	tag	Objects
🪙	coin	dollar euro gold metal money rich silver treasure	Objects
💰	money bag	bank bet billion cash cost dollar gold million moneybag paid paying pot rich win	Objects
💴	yen banknote	bank bill currency money note	Objects
💵	dollar banknote	bank bill currency money note	Objects
💶	euro banknote	100 bank bill currency money note rich	Objects
💷	pound banknote	bank bill billion cash currency money note pounds	Objects
💸	money with wings	bank banknote bill billion cash dollar fly million note pay	Objects
💳	credit card	bank cash charge money pay	Objects
🧾	receipt	accounting bookkeeping evidence invoice proof	Objects
💹	chart increasing with yen	bank currency graph growth market money rise trend upward	Objects
✉️	envelope	e-mail email letter	Objects
📧	e-mail	email letter mail	Objects
📨	incoming envelope	delivering e-mail email letter mail receive sent	Objects
📩	envelope with arrow	communication down e-mail email letter mail outgoing send sent	Objects
📤	outbox tray	box email letter mail sent	Objects
📥	inbox tray	box email letter mail receive zero	Objects
📦	package	box communication delivery parcel shipping	Objects
📫	closed mailbox with raised flag	communication mail postbox	Objects
📪	closed mailbox with lowered flag	mail postbox	Objects
📬	open mailbox with raised flag	mail postbox	Objects
📭	open mailbox with lowered flag	mail postbox	Objects
📮	postbox	mail mailbox	Objects
🗳️	ballot box with ballot		Objects
✏️	pencil		Objects
✒️	black nib	pen	Objects
🖋️	fountain pen		Objects
🖊️	pen	ballpoint	Objects
🖌️	paintbrush	painting	Objects
🖍️	crayon		Objects
📝	memo	communication media notes pencil	Objects
💼	briefcase	office	Objects
📁	file folder		Objects
📂	open file folder		Objects
🗂️	card index dividers		Objects
📅	calendar	date	Objects
📆	tear-off calendar		Objects
🗒️	spiral notepad	note pad	Objects
🗓️	spiral calendar	pad	Objects
📇	card index	old rolodex school	Objects
📈	chart increasing	data graph growth right trend up upward	Objects
📉	chart decreasing	data down downward graph negative trend	Objects
📊	bar chart	data graph	Objects
📋	clipboard	do list notes	Objects
📌	pushpin	collage pin	Objects
📍	round pushpin	location map pin	Objects
📎	paperclip		Objects
🖇️	linked paperclips	link paperclip	Objects
📏	straight ruler	angle edge math straightedge	Objects
📐	triangular ruler	angle math rule set slide triangle	Objects
✂️	scissors	cut cutting paper tool	Objects
🗃️	card file box		Objects
🗄️	file cabinet	filing paper	Objects
🗑️	wastebasket	can garbage trash waste	Objects
🔒	locked	closed lock private	Objects
🔓	unlocked	cracked lock open unlock	Objects
🔏	locked with pen	ink lock nib privacy	Objects
🔐	locked with key	bike closed lock secure	Objects
🔑	key	keys lock major password unlock	Objects
🗝️	old key	clue lock	Objects
🔨	hammer	home improvement repairs tool	Objects
🪓	axe	ax chop hatchet split wood	Objects
⛏️	pick	hammer mining tool	Objects
⚒️	hammer and pick	tool	Objects
🛠️	hammer and wrench	spanner tool	Objects
🗡️	dagger	knife weapon	Objects
⚔️	crossed swords	weapon	Objects
💣	bomb	boom comic dangerous explosion hot	Objects
🪃	boomerang	rebound repercussion weapon	Objects
🏹	bow and arrow	archer archery Sagittarius tool weapon zodiac	Objects
🛡️	shield	weapon	Objects
🪚	carpentry saw	carpenter cut lumber tool trim	Objects
🔧	wrench	home improvement spanner tool	Objects
🪛	screwdriver	flathead handy screw tool	Objects
🔩	nut and bolt	home improvement tool	Objects
⚙️	gear	cog cogwheel tool	Objects
🗜️	clamp	compress tool vice	Objects
⚖️	balance scale	justice Libra scales tool weight zodiac	Objects
🦯	white cane	accessibility blind probing	Objects
🔗	link	links	Objects
⛓️‍💥	broken chain	break breaking cuffs freedom	Objects
⛓️	chains	chain	Objects
🪝	hook	catch crook curve ensnare point selling	Objects
🧰	toolbox	box chest mechanic red tool	Objects
🧲	magnet	attraction horseshoe magnetic negative positive shape u	Objects
🪜	ladder	climb rung step	Objects
🪏	shovel	bury dig garden hole plant scoop snow spade	Objects
⚗️	alembic	chemistry tool	Objects
🧪	test tube	chemist chemistry experiment lab science	Objects
🧫	petri dish	bacteria biologist biology culture lab	Objects
🧬	dna	biologist evolution gene genetics life	Objects
🔬	microscope	experiment lab science tool	Objects
🔭	telescope	contact extraterrestrial science tool	Objects
📡	satellite antenna	aliens contact dish science	Objects
💉	syringe	doctor flu medicine needle shot sick tool vaccination	Objects
🩸	drop of blood	bleed donation injury medicine menstruation	Objects
💊	pill	doctor drugs medicated medicine pills sick vitamin	Objects
🩹	adhesive bandage		Objects
🩼	crutch	aid cane disability help hurt injured mobility stick	Objects
🩺	stethoscope	doctor heart medicine	Objects
🩻	x-ray	bones doctor medical skeleton skull xray	Objects
🚪	door	back closet front	Objects
🛗	elevator	accessibility hoist lift	Objects
🪞	mirror	makeup reflection reflector speculum	Objects
🪟	window	air frame fresh opening transparent view	Objects
🛏️	bed	hotel sleep	Objects
🛋️	couch and lamp	hotel	Objects
🪑	chair	seat sit	Objects
🚽	toilet	bathroom	Objects
🪠	plunger	cup force plumber poop suction toilet	Objects
🚿	shower	water	Objects
🛁	bathtub	bath	Objects
🪤	mouse trap	bait cheese lure mousetrap snare	Objects
🪒	razor	sharp shave	Objects
🧴	lotion bottle	moisturizer shampoo sunscreen	Objects
🧷	safety pin	diaper punk rock	Objects
🧹	broom	cleaning sweeping witch	Objects
🧺	basket	farming laundry picnic	Objects
🧻	roll of paper	toilet towels	Objects
🪣	bucket	cask pail vat	Objects
🧼	soap	bar bathing clean cleaning lather soapdish	Objects
🫧	bubbles	bubble burp clean floating pearl soap underwater	Objects
🪥	toothbrush	bathroom brush clean dental hygiene teeth toiletry	Objects
🧽	sponge	absorbing cleaning porous soak	Objects
🧯	fire extinguisher	extinguish quench	Objects
🛒	shopping cart	trolley	Objects
🚬	cigarette	smoking	Objects
⚰️	coffin	dead death vampire	Objects
🪦	headstone	cemetery dead grave graveyard memorial rip tomb tombstone	Objects
⚱️	funeral urn	ashes death	Objects
🧿	nazar amulet	bead blue charm evil-eye talisman	Objects
🪬	hamsa	amulet Fatima fortune guide hand Mary Miriam palm protect protection	Objects
🗿	moai	face moyai statue stoneface travel	Objects
🪧	placard	card demonstration notice picket plaque protest sign	Objects
🪪	identification card	credentials document ID license security	Objects
🏧	ATM sign	automated bank cash money teller	Symbols
🚮	litter in bin sign	litterbin	Symbols
🚰	potable water	drinking	Symbols
♿	wheelchair symbol	access handicap	Symbols
🚹	men’s room	bathroom lavatory man men’s restroom toilet WC	Symbols
🚺	women’s room	bathroom lavatory restroom toilet WC woman women’s	Symbols
🚻	restroom	bathroom lavatory toilet WC	Symbols
🚼	baby symbol	changing	Symbols
🚾	water closet	bathroom lavatory restroom toilet WC	Symbols
🛂	passport control		Symbols
🛃	customs	packing	Symbols
🛄	baggage claim	arrived bags case checked journey packing plane ready travel trip	Symbols
🛅	left luggage	baggage case locker	Symbols
⚠️	warning	caution	Symbols
🚸	children crossing	child pedestrian traffic	Symbols
⛔	no entry	do fail forbidden not pass prohibited traffic	Symbols
🚫	prohibited	entry forbidden no not smoke	Symbols
🚳	no bicycles	bicycle bike forbidden not prohibited	Symbols
🚭	no smoking	forbidden not prohibited smoke	Symbols
🚯	no littering	forbidden litter not prohibited	Symbols
🚱	non-potable water	dry non-drinking prohibited	Symbols
🚷	no pedestrians	forbidden not pedestrian prohibited	Symbols
📵	no mobile phones	cell forbidden not phone prohibited telephone	Symbols
🔞	no one under eighteen	18 age forbidden not prohibited restriction underage	Symbols
☢️	radioactive	sign	Symbols
☣️	biohazard	sign	Symbols
⬆️	up arrow	cardinal direction north	Symbols
↗️	up-right arrow	direction intercardinal northeast	Symbols
➡️	right arrow	cardinal direction east	Symbols
↘️	down-right arrow	direction intercardinal southeast	Symbols
⬇️	down arrow	cardinal direction south	Symbols
↙️	down-left arrow	direction intercardinal southwest	Symbols
⬅️	left arrow	cardinal direction west	Symbols
↖️	up-left arrow	direction intercardinal northwest	Symbols
↕️	up-down arrow		Symbols
↔️	left-right arrow		Symbols
↩️	right arrow curving left		Symbols
↪️	left arrow curving right		Symbols
⤴️	right arrow curving up		Symbols
⤵️	right arrow curving down		Symbols
🔃	clockwise vertical arrows	arrow refresh reload	Symbols
🔄	counterclockwise arrows button	again anticlockwise arrow deja refresh rewindershins vu	Symbols
🔙	BACK arrow		Symbols
🔚	END arrow		Symbols
🔛	ON! arrow	mark ON!	Symbols
🔜	SOON arrow	brb omw	Symbols
🔝	TOP arrow	homie up	Symbols
🛐	place of worship	pray religion	Symbols
⚛️	atom symbol	atheist	Symbols
🕉️	om	Hindu religion	Symbols
✡️	star of David	Jew Jewish judaism religion	Symbols
☸️	wheel of dharma	Buddhist religion	Symbols
☯️	yin yang	difficult lives religion tao taoist total yinyang	Symbols
✝️	latin cross	christ Christian religion	Symbols
☦️	orthodox cross	Christian religion	Symbols
☪️	star and crescent	islam Muslim ramadan religion	Symbols
☮️	peace symbol	healing peaceful	Symbols
🕎	menorah	candelabrum candlestick hanukkah jewish judaism religion	Symbols
🔯	dotted six-pointed star	fortune jewish judaism	Symbols
🪯	khanda	Deg Fateh Khalsa religion Sikh Sikhism Tegh	Symbols
♈	Aries	horoscope ram zodiac	Symbols
♉	Taurus	bull horoscope ox zodiac	Symbols
♊	Gemini	horoscope twins zodiac	Symbols
♋	Cancer	crab horoscope zodiac	Symbols
♌	Leo	horoscope lion zodiac	Symbols
♍	Virgo	horoscope zodiac	Symbols
♎	Libra	balance horoscope justice scales zodiac	Symbols
♏	Scorpio	horoscope scorpion Scorpius zodiac	Symbols
♐	Sagittarius	archer horoscope zodiac	Symbols
♑	Capricorn	goat horoscope zodiac	Symbols
♒	Aquarius	bearer horoscope water zodiac	Symbols
♓	Pisces	fish horoscope zodiac	Symbols
⛎	Ophiuchus	bearer serpent snake zodiac	Symbols
🔀	shuffle tracks button	arrow crossed	Symbols
🔁	repeat button	arrow clockwise	Symbols
🔂	repeat single button	arrow clockwise once	Symbols
▶️	play button	arrow right triangle	Symbols
⏩	fast-forward button	arrow double fast forward	Symbols
⏭️	next track button	arrow scene triangle	Symbols
⏯️	play or pause button	arrow right triangle	Symbols
◀️	reverse button	arrow left triangle	Symbols
⏪	fast reverse button	arrow double rewind	Symbols
⏮️	last track button	arrow previous scene triangle	Symbols
🔼	upwards button	arrow red up	Symbols
⏫	fast up button	arrow double	Symbols
🔽	downwards button	arrow down red	Symbols
⏬	fast down button	arrow double	Symbols
⏸️	pause button	bar double vertical	Symbols
⏹️	stop button	square	Symbols
⏺️	record button	circle	Symbols
⏏️	eject button		Symbols
🎦	cinema	camera film movie	Symbols
🔅	dim button	brightness low	Symbols
🔆	bright button	brightness light	Symbols
📶	antenna bars	bar cell communication mobile phone signal telephone	Symbols
🛜	wireless	broadband computer connectivity hotspot internet network router smartphone wi-fi wifi wlan	Symbols
📳	vibration mode	cell communication mobile phone telephone	Symbols
📴	mobile phone off	cell telephone	Symbols
♀️	female sign	woman	Symbols
♂️	male sign	man	Symbols
⚧️	transgender symbol		Symbols
✖️	multiply	× cancel multiplication sign x	Symbols
➕	plus	+	Symbols
➖	minus	- − heavy math sign	Symbols
➗	divide	÷ division heavy math sign	Symbols
🟰	heavy equals sign	answer equal equality math	Symbols
♾️	infinity	forever unbounded universal	Symbols
‼️	double exclamation mark	! !! bangbang punctuation	Symbols
⁉️	exclamation question mark	! !? ? interrobang punctuation	Symbols
❓	red question mark	? punctuation	Symbols
❔	white question mark	? outlined punctuation	Symbols
❕	white exclamation mark	! outlined punctuation	Symbols
❗	red exclamation mark	! punctuation	Symbols
〰️	wavy dash	punctuation	Symbols
💱	currency exchange	bank money	Symbols
💲	heavy dollar sign	billion cash charge currency million money pay	Symbols
⚕️	medical symbol	aesculapius medicine staff	Symbols
♻️	recycling symbol	recycle	Symbols
⚜️	fleur-de-lis	knights	Symbols
🔱	trident emblem	anchor poseidon ship tool	Symbols
📛	name badge		Symbols
🔰	Japanese symbol for beginner	chevron green leaf tool yellow	Symbols
⭕	hollow red circle	heavy large o	Symbols
✅	check mark button	✓ checked checkmark complete completed done fixed tick	Symbols
☑️	check box with check	✓ ballot checked done off tick	Symbols
✔️	check mark	✓ checked checkmark done heavy tick	Symbols
❌	cross mark	× cancel multiplication multiply x	Symbols
❎	cross mark button	× multiplication multiply square x	Symbols
➰	curly loop	curl	Symbols
➿	double curly loop	curl	Symbols
〽️	part alternation mark		Symbols
✳️	eight-spoked asterisk	*	Symbols
✴️	eight-pointed star	*	Symbols
❇️	sparkle	*	Symbols
©️	copyright	C	Symbols
®️	registered	R	Symbols
™️	trade mark	TM trademark	Symbols
🫟	splatter	drip holi ink liquid mess paint spill stain	Symbols
#️⃣	keycap: #		Symbols
*️⃣	keycap: *		Symbols
0️⃣	keycap: 0	zero	Symbols
1️⃣	keycap: 1	one	Symbols
2️⃣	keycap: 2	two	Symbols
3️⃣	keycap: 3	three	Symbols
4️⃣	keycap: 4	four	Symbols
5️⃣	keycap: 5	five	Symbols
6️⃣	keycap: 6	six	Symbols
7️⃣	keycap: 7	seven	Symbols
8️⃣	keycap: 8	eight	Symbols
9️⃣	keycap: 9	nine	Symbols
🔟	keycap: 10		Symbols
🔠	input latin uppercase	ABCD letters	Symbols
🔡	input latin lowercase	abcd letters	Symbols
🔢	input numbers	1234	Symbols
🔣	input symbols	& % ♪ 〒	Symbols
🔤	input latin letters	abc alphabet	Symbols
🅰️	A button (blood type)		Symbols
🆎	AB button (blood type)		Symbols
🅱️	B button (blood type)		Symbols
🆑	CL button		Symbols
🆒	COOL button		Symbols
🆓	FREE button		Symbols
ℹ️	information	I	Symbols
🆔	ID button	identity	Symbols
Ⓜ️	circled M	circle	Symbols
🆕	NEW button		Symbols
🆖	NG button		Symbols
🅾️	O button (blood type)		Symbols
🆗	OK button	okay	Symbols
🅿️	P button	parking	Symbols
🆘	SOS button	help	Symbols
🆙	UP! button	mark UP!	Symbols
🆚	VS button	versus	Symbols
🈁	Japanese “here” button	katakana	Symbols
🈂️	Japanese “service charge” button	katakana	Symbols
🈷️	Japanese “monthly amount” button	ideograph	Symbols
🈶	Japanese “not free of charge” button	ideograph	Symbols
🈯	Japanese “reserved” button	ideograph	Symbols
🉐	Japanese “bargain” button	ideograph	Symbols
🈹	Japanese “discount” button	ideograph	Symbols
🈚	Japanese “free of charge” button	ideograph	Symbols
🈲	Japanese “prohibited” button	ideograph	Symbols
🉑	Japanese “acceptable” button	ideograph	Symbols
🈸	Japanese “application” button	ideograph	Symbols
🈴	Japanese “passing grade” button	ideograph	Symbols
🈳	Japanese “vacancy” button	ideograph	Symbols
㊗️	Japanese “congratulations” button	ideograph	Symbols
㊙️	Japanese “secret” button	ideograph	Symbols
🈺	Japanese “open for business” button	ideograph	Symbols
🈵	Japanese “no vacancy” button	ideograph	Symbols
🔴	red circle	geometric	Symbols
🟠	orange circle		Symbols
🟡	yellow circle		Symbols
🟢	green circle		Symbols
🔵	blue circle	geometric	Symbols
🟣	purple circle		Symbols
🟤	brown circle		Symbols
⚫	black circle	geometric	Symbols
⚪	white circle	geometric	Symbols
🟥	red square	card penalty	Symbols
🟧	orange square		Symbols
🟨	yellow square	card penalty	Symbols
🟩	green square		Symbols
🟦	blue square		Symbols
🟪	purple square		Symbols
🟫	brown square		Symbols
⬛	black large square	geometric	Symbols
⬜	white large square	geometric	Symbols
◼️	black medium square	geometric	Symbols
◻️	white medium square	geometric	Symbols
◾	black medium-small square	geometric	Symbols
◽	white medium-small square	geometric	Symbols
▪️	black small square	geometric	Symbols
▫️	white small square	geometric	Symbols
🔶	large orange diamond	geometric	Symbols
🔷	large blue diamond	geometric	Symbols
🔸	small orange diamond	geometric	Symbols
🔹	small blue diamond	geometric	Symbols
🔺	red triangle pointed up	geometric	Symbols
🔻	red triangle pointed down	geometric	Symbols
💠	diamond with a dot	comic geometric	Symbols
🔘	radio button	geometric	Symbols
🔳	white square button	geometric outlined	Symbols
🔲	black square button	geometric	Symbols
🏁	chequered flag	checkered finish flags game race racing sport win	Flags
🚩	triangular flag	construction golf post	Flags
🎌	crossed flags	celebration cross Japanese	Flags
🏴	black flag	waving	Flags
🏳️	white flag	waving	Flags
🏳️‍🌈	rainbow flag	bisexual gay genderqueer glbt glbtq lesbian lgbt lgbtq lgbtqia pride queer trans transgender	Flags
🏳️‍⚧️	transgender flag	blue light pink white	Flags
🏴‍☠️	pirate flag	Jolly plunder Roger treasure	Flags
🇦🇨	flag: Ascension Island		Flags
🇦🇩	flag: Andorra		Flags
🇦🇪	flag: United Arab Emirates		Flags
🇦🇫	flag: Afghanistan		Flags
🇦🇬	flag: Antigua & Barbuda		Flags
🇦🇮	flag: Anguilla		Flags
🇦🇱	flag: Albania		Flags
🇦🇲	flag: Armenia		Flags
🇦🇴	flag: Angola		Flags
🇦🇶	flag: Antarctica		Flags
🇦🇷	flag: Argentina		Flags
🇦🇸	flag: American Samoa		Flags
🇦🇹	flag: Austria		Flags
🇦🇺	flag: Australia		Flags
🇦🇼	flag: Aruba		Flags
🇦🇽	flag: Åland Islands		Flags
🇦🇿	flag: Azerbaijan		Flags
🇧🇦	flag: Bosnia & Herzegovina		Flags
🇧🇧	flag: Barbados		Flags
🇧🇩	flag: Bangladesh		Flags
🇧🇪	flag: Belgium		Flags
🇧🇫	flag: Burkina Faso		Flags
🇧🇬	flag: Bulgaria		Flags
🇧🇭	flag: Bahrain		Flags
🇧🇮	flag: Burundi		Flags
🇧🇯	flag: Benin		Flags
🇧🇱	flag: St. Barthélemy		Flags
🇧🇲	flag: Bermuda		Flags
🇧🇳	flag: Brunei		Flags
🇧🇴	flag: Bolivia		Flags
🇧🇶	flag: Caribbean Netherlands		Flags
🇧🇷	flag: Brazil		Flags
🇧🇸	flag: Bahamas		Flags
🇧🇹	flag: Bhutan		Flags
🇧🇻	flag: Bouvet Island		Flags
🇧🇼	flag: Botswana		Flags
🇧🇾	flag: Belarus		Flags
🇧🇿	flag: Belize		Flags
🇨🇦	flag: Canada		Flags
🇨🇨	flag: Cocos (Keeling) Islands		Flags
🇨🇩	flag: Congo - Kinshasa		Flags
🇨🇫	flag: Central African Republic		Flags
🇨🇬	flag: Congo - Brazzaville		Flags
🇨🇭	flag: Switzerland		Flags
🇨🇮	flag: Côte d’Ivoire		Flags
🇨🇰	flag: Cook Islands		Flags
🇨🇱	flag: Chile		Flags
🇨🇲	flag: Cameroon		Flags
🇨🇳	flag: China		Flags
🇨🇴	flag: Colombia		Flags
🇨🇵	flag: Clipperton Island		Flags
🇨🇶	flag: Sark		Flags
🇨🇷	flag: Costa Rica		Flags
🇨🇺	flag: Cuba		Flags
🇨🇻	flag: Cape Verde		Flags
🇨🇼	flag: Curaçao		Flags
🇨🇽	flag: Christmas Island		Flags
🇨🇾	flag: Cyprus		Flags
🇨🇿	flag: Czechia		Flags
🇩🇪	flag: Germany		Flags
🇩🇬	flag: Diego Garcia		Flags
🇩🇯	flag: Djibouti		Flags
🇩🇰	flag: Denmark		Flags
🇩🇲	flag: Dominica		Flags
🇩🇴	flag: Dominican Republic		Flags
🇩🇿	flag: Algeria		Flags
🇪🇦	flag: Ceuta & Melilla		Flags
🇪🇨	flag: Ecuador		Flags
🇪🇪	flag: Estonia		Flags
🇪🇬	flag: Egypt		Flags
🇪🇭	flag: Western Sahara		Flags
🇪🇷	flag: Eritrea		Flags
🇪🇸	flag: Spain		Flags
🇪🇹	flag: Ethiopia		Flags
🇪🇺	flag: European Union		Flags
🇫🇮	flag: Finland		Flags
🇫🇯	flag: Fiji		Flags
🇫🇰	flag: Falkland Islands		Flags
🇫🇲	flag: Micronesia		Flags
🇫🇴	flag: Faroe Islands		Flags
🇫🇷	flag: France		Flags
🇬🇦	flag: Gabon		Flags
🇬🇧	flag: United Kingdom		Flags
🇬🇩	flag: Grenada		Flags
🇬🇪	flag: Georgia		Flags
🇬🇫	flag: French Guiana		Flags
🇬🇬	flag: Guernsey		Flags
🇬🇭	flag: Ghana		Flags
🇬🇮	flag: Gibraltar		Flags
🇬🇱	flag: Greenland		Flags
🇬🇲	flag: Gambia		Flags
🇬🇳	flag: Guinea		Flags
🇬🇵	flag: Guadeloupe		Flags
🇬🇶	flag: Equatorial Guinea		Flags
🇬🇷	flag: Greece		Flags
🇬🇸	flag: South Georgia & South Sandwich Islands		Flags
🇬🇹	flag: Guatemala		Flags
🇬🇺	flag: Guam		Flags
🇬🇼	flag: Guinea-Bissau		Flags
🇬🇾	flag: Guyana		Flags
🇭🇰	flag: Hong Kong SAR China		Flags
🇭🇲	flag: Heard Island & McDonald Islands		Flags
🇭🇳	flag: Honduras		Flags
🇭🇷	flag: Croatia		Flags
🇭🇹	flag: Haiti		Flags
🇭🇺	flag: Hungary		Flags
🇮🇨	flag: Canary Islands		Flags
🇮🇩	flag: Indonesia		Flags
🇮🇪	flag: Ireland		Flags
🇮🇱	flag: Israel		Flags
🇮🇲	flag: Isle of Man		Flags
🇮🇳	flag: India		Flags
🇮🇴	flag: British Indian Ocean Territory		Flags
🇮🇶	flag: Iraq		Flags
🇮🇷	flag: Iran		Flags
🇮🇸	flag: Iceland		Flags
🇮🇹	flag: Italy		Flags
🇯🇪	flag: Jersey		Flags
🇯🇲	flag: Jamaica		Flags
🇯🇴	flag: Jordan		Flags
🇯🇵	flag: Japan		Flags
🇰🇪	flag: Kenya		Flags
🇰🇬	flag: Kyrgyzstan		Flags
🇰🇭	flag: Cambodia		Flags
🇰🇮	flag: Kiribati		Flags
🇰🇲	flag: Comoros		Flags
🇰🇳	flag: St. Kitts & Nevis		Flags
🇰🇵	flag: North Korea		Flags
🇰🇷	flag: South Korea		Flags
🇰🇼	flag: Kuwait		Flags
🇰🇾	flag: Cayman Islands		Flags
🇰🇿	flag: Kazakhstan		Flags
🇱🇦	flag: Laos		Flags
🇱🇧	flag: Lebanon		Flags
🇱🇨	flag: St. Lucia		Flags
🇱🇮	flag: Liechtenstein		Flags
🇱🇰	flag: Sri Lanka		Flags
🇱🇷	flag: Liberia		Flags
🇱🇸	flag: Lesotho		Flags
🇱🇹	flag: Lithuania		Flags
🇱🇺	flag: Luxembourg		Flags
🇱🇻	flag: Latvia		Flags
🇱🇾	flag: Libya		Flags
🇲🇦	flag: Morocco		Flags
🇲🇨	flag: Monaco		Flags
🇲🇩	flag: Moldova		Flags
🇲🇪	flag: Montenegro		Flags
🇲🇫	flag: St. Martin		Flags
🇲🇬	flag: Madagascar		Flags
🇲🇭	flag: Marshall Islands		Flags
🇲🇰	flag: North Macedonia		Flags
🇲🇱	flag: Mali		Flags
🇲🇲	flag: Myanmar (Burma)		Flags
🇲🇳	flag: Mongolia		Flags
🇲🇴	flag: Macao SAR China		Flags
🇲🇵	flag: Northern Mariana Islands		Flags
🇲🇶	flag: Martinique		Flags
🇲🇷	flag: Mauritania		Flags
🇲🇸	flag: Montserrat		Flags
🇲🇹	flag: Malta		Flags
🇲🇺	flag: Mauritius		Flags
🇲🇻	flag: Maldives		Flags
🇲🇼	flag: Malawi		Flags
🇲🇽	flag: Mexico		Flags
🇲🇾	flag: Malaysia		Flags
🇲🇿	flag: Mozambique		Flags
🇳🇦	flag: Namibia		Flags
🇳🇨	flag: New Caledonia		Flags
🇳🇪	flag: Niger		Flags
🇳🇫	flag: Norfolk Island		Flags
🇳🇬	flag: Nigeria		Flags
🇳🇮	flag: Nicaragua		Flags
🇳🇱	flag: Netherlands		Flags
🇳🇴	flag: Norway		Flags
🇳🇵	flag: Nepal		Flags
🇳🇷	flag: Nauru		Flags
🇳🇺	flag: Niue		Flags
🇳🇿	flag: New Zealand		Flags
🇴🇲	flag: Oman		Flags
🇵🇦	flag: Panama		Flags
🇵🇪	flag: Peru		Flags
🇵🇫	flag: French Polynesia		Flags
🇵🇬	flag: Papua New Guinea		Flags
🇵🇭	flag: Philippines		Flags
🇵🇰	flag: Pakistan		Flags
🇵🇱	flag: Poland		Flags
🇵🇲	flag: St. Pierre & Miquelon		Flags
🇵🇳	flag: Pitcairn Islands		Flags
🇵🇷	flag: Puerto Rico		Flags
🇵🇸	flag: Palestinian Territories		Flags
🇵🇹	flag: Portugal		Flags
🇵🇼	flag: Palau		Flags
🇵🇾	flag: Paraguay		Flags
🇶🇦	flag: Qatar		Flags
🇷🇪	flag: Réunion		Flags
🇷🇴	flag: Romania		Flags
🇷🇸	flag: Serbia		Flags
🇷🇺	flag: Russia		Flags
🇷🇼	flag: Rwanda		Flags
🇸🇦	flag: Saudi Arabia		Flags
🇸🇧	flag: Solomon Islands		Flags
🇸🇨	flag: Seychelles		Flags
🇸🇩	flag: Sudan		Flags
🇸🇪	flag: Sweden		Flags
🇸🇬	flag: Singapore		Flags
🇸🇭	flag: St. Helena, Ascension & Tristan da Cunha		Flags
🇸🇮	flag: Slovenia		Flags
🇸🇯	flag: Svalbard & Jan Mayen		Flags
🇸🇰	flag: Slovakia		Flags
🇸🇱	flag: Sierra Leone		Flags
🇸🇲	flag: San Marino		Flags
🇸🇳	flag: Senegal		Flags
🇸🇴	flag: Somalia		Flags
🇸🇷	flag: Suriname		Flags
🇸🇸	flag: South Sudan		Flags
🇸🇹	flag: São Tomé & Príncipe		Flags
🇸🇻	flag: El Salvador		Flags
🇸🇽	flag: Sint Maarten		Flags
🇸🇾	flag: Syria		Flags
🇸🇿	flag: Eswatini		Flags
🇹🇦	flag: Tristan da Cunha		Flags
🇹🇨	flag: Turks & Caicos Islands		Flags
🇹🇩	flag: Chad		Flags
🇹🇫	flag: French Southern and Antarctic Lands		Flags
🇹🇬	flag: Togo		Flags
🇹🇭	flag: Thailand		Flags
🇹🇯	flag: Tajikistan		Flags
🇹🇰	flag: Tokelau		Flags
🇹🇱	flag: Timor-Leste		Flags
🇹🇲	flag: Turkmenistan		Flags
🇹🇳	flag: Tunisia		Flags
🇹🇴	flag: Tonga		Flags
🇹🇷	flag: Türkiye		Flags
🇹🇹	flag: Trinidad & Tobago		Flags
🇹🇻	flag: Tuvalu		Flags
🇹🇼	flag: Taiwan		Flags
🇹🇿	flag: Tanzania		Flags
🇺🇦	flag: Ukraine		Flags
🇺🇬	flag: Uganda		Flags
🇺🇲	flag: U.S. Outlying Islands		Flags
🇺🇳	flag: United Nations		Flags
🇺🇸	flag: United States		Flags
🇺🇾	flag: Uruguay		Flags
🇺🇿	flag: Uzbekistan		Flags
🇻🇦	flag: Vatican City		Flags
🇻🇨	flag: St. Vincent & Grenadines		Flags
🇻🇪	flag: Venezuela		Flags
🇻🇬	flag: British Virgin Islands		Flags
🇻🇮	flag: U.S. Virgin Islands		Flags
🇻🇳	flag: Vietnam		Flags
🇻🇺	flag: Vanuatu		Flags
🇼🇫	flag: Wallis & Futuna		Flags
🇼🇸	flag: Samoa		Flags
🇽🇰	flag: Kosovo		Flags
🇾🇪	flag: Yemen		Flags
🇾🇹	flag: Mayotte		Flags
🇿🇦	flag: South Africa		Flags
🇿🇲	flag: Zambia		Flags
🇿🇼	flag: Zimbabwe		Flags
🏴󠁧󠁢󠁥󠁮󠁧󠁿	flag: England		Flags
🏴󠁧󠁢󠁳󠁣󠁴󠁿	flag: Scotland		Flags
🏴󠁧󠁢󠁷󠁬󠁳󠁿	flag: Wales		Flags
